ã‚¿ã‚¤ãƒˆãƒ«,URL,ãƒãƒ£ãƒ³ãƒãƒ«å,ãƒãƒ£ãƒ³ãƒãƒ«URL,å†ç”Ÿæ™‚é–“,æŠ•ç¨¿æ—¥
ã‚¢ãƒ³ãƒã‚šãƒ³ãƒãƒ³ ã„ã£ã—ã‚‡ã«ãƒˆãƒ³ãƒˆãƒ³å¤§å¥½ããŠæ–™ç†ã‚·ãƒ§ãƒ¼,https://www.youtube.com/watch?v=ySdoRRl4wno,Kan & Aki's CHANNELã‹ã‚“ã‚ããƒãƒ£ãƒ³ãƒãƒ«,https://www.youtube.com/channel/UCNHqosTdwFPSK5OQsjFoS5g,0:03:44,2014-11-07T03:10:56Z
ã‚¢ãƒ³ãƒ‘ãƒ³ãƒãƒ³å·ã®ã‚­ãƒƒãƒãƒ³ãŠã‚‚ã¡ã‚ƒã§ãŠæ–™ç†ãƒˆãƒ³ãƒˆãƒ³â¤ï¸ã¯ã˜ã‚ã¦ã®ãµã‚ãµã‚ã‚­ãƒƒãƒãƒ³ã«ãƒãƒ§ãƒ­ãƒŸãƒ¼ ãƒ¯ã‚¯ãƒ¯ã‚¯ã‚­ãƒ¥ãƒ¼ãƒ³ï¼å­ä¾›ãŒå¤¢ä¸­ã«ãªã‚‹ãŠå­æ§˜ãƒ©ãƒ³ãƒãƒ—ãƒ¬ãƒ¼ãƒˆã®ã¾ã¾ã”ã¨ã‚»ãƒƒãƒˆã‚’ç´¹ä»‹ã™ã‚‹ã‚ˆâ¤ï¸,https://www.youtube.com/watch?v=2i0qoWgldCw,MammyãŸã¾ã”,https://www.youtube.com/channel/UC1l4SD4Ira5wjwmCGfMnCZQ,0:03:43,2016-12-03T03:04:28Z
ã€å¯¸åŠ‡ã€‘DIYãŠè“å­ä½œã‚Šï¼å¤§é‡ã®ã‚­ãƒ£ãƒ³ãƒ‡ã‚£ã§ãŠæ–™ç†ã”ã£ã“ DIY Candy sweets Ø£ÙƒÙ„Øª ÙƒØ«ÙŠØ±Ø§Ù‹ !!! We ate too much - ã¯ã­ã¾ã‚Šãƒãƒ£ãƒ³ãƒãƒ«,https://www.youtube.com/watch?v=dpxFrbQK7Vw,ã¯ã­ã¾ã‚Šãƒãƒ£ãƒ³ãƒãƒ«Hane & Mari's World,https://www.youtube.com/channel/UCPzqjzrvmSA9dVydRdAX6Xg,0:05:25,2018-11-21T08:00:02Z
ã€å¯¸åŠ‡ã€‘ãŠæ–™ç†ã”ã£ã“ï¼ã‚¢ãƒ³ãƒ‘ãƒ³ãƒãƒ³ã®ã‚­ãƒƒãƒãƒ³ãŒå£Šã‚ŒãŸï¼å¤§é‡ã®ãŠã¾ã¾ã”ã¨ãŠã‚‚ã¡ã‚ƒã‚’ãŠè²·ã„ç‰© - ã¯ã­ã¾ã‚Šãƒãƒ£ãƒ³ãƒãƒ«,https://www.youtube.com/watch?v=1IR4uYOZ3M0,ã¯ã­ã¾ã‚Šãƒãƒ£ãƒ³ãƒãƒ«Hane & Mari's World,https://www.youtube.com/channel/UCPzqjzrvmSA9dVydRdAX6Xg,0:10:33,2018-12-11T08:00:00Z
ã‚¢ãƒ³ãƒ‘ãƒ³ãƒãƒ³ ã‚¢ãƒ‹ãƒ¡ ãŠã‚‚ã¡ã‚ƒ ã‚³ã‚­ãƒ³ã¡ã‚ƒã‚“ ãŠæ–™ç† ã‚¢ãƒ³ãƒ‘ãƒ³ãƒãƒ³ ã‚­ãƒƒãƒãƒ³ ã¿ã‚“ãªã«ãŠå¼å½“ã¤ãã‚‹ã‚ˆâ¤ ã‚¢ãƒ‹ãƒ¡ã‚­ãƒƒã‚º,https://www.youtube.com/watch?v=TxSnACemJAc,ã‚­ãƒƒã‚ºãƒ©ã‚¤ãƒ³â™¡Kids Line,https://www.youtube.com/channel/UCQs-tWGqacJ7vuuJDtXq28w,0:14:48,2018-07-28T07:00:06Z
Coin Pizza - Stop Motion Cooking ï¼† ASMR,https://www.youtube.com/watch?v=UUxw1ydzxZ4,Bebop,https://www.youtube.com/channel/UCF1QZ_zlM6fVkEoPdhthEpQ,0:02:21,2019-08-26T11:54:06Z
ãƒªã‚«ã¡ã‚ƒã‚“ã®æ–™ç†ã€ã‚³ãƒ¼ãƒ©ã®ã‚¹ã‚¯ã‚¤ãƒ¼ã‚ºã‚’...!ã€‘ä¸­èº«ã¯ã‚¹ãƒ©ã‚¤ãƒ ã‚¸ãƒ¥ãƒ¼ã‚¹â‰ï¸ãŠã‚‚ã¡ã‚ƒã®ã‚­ãƒƒãƒãƒ³ã§æ‰‹ä½œã‚Šâ™ª squishy slime Cola ãŸã¾ã” Mammy,https://www.youtube.com/watch?v=DQvWRBuXfQc,MammyãŸã¾ã”,https://www.youtube.com/channel/UC1l4SD4Ira5wjwmCGfMnCZQ,0:11:44,2018-05-12T07:00:00Z
ã€å®…é…vsæ‰‹ä½œã‚Šæ–™ç†ã€‘ã‚¹ãƒ”ãƒ¼ãƒ‰å¯¾æ±ºã§ã¾ã•ã‹ã®çµæœã«ï¼ï¼ï¼,https://www.youtube.com/watch?v=MrNzLkFwz9o,æ±æµ·ã‚ªãƒ³ã‚¨ã‚¢,https://www.youtube.com/channel/UCutJqz56653xV2wwSvut_hQ,0:07:27,2017-02-25T10:23:42Z
ãƒªãƒ¬ãƒ¼å½¢å¼ã§æ–™ç†ã—ãŸã‚‰ã¾ã•ã‹ã®çµæœã«ï¼ï¼Ÿ,https://www.youtube.com/watch?v=JInxZh-p2Fc,æ±æµ·ã‚ªãƒ³ã‚¨ã‚¢,https://www.youtube.com/channel/UCutJqz56653xV2wwSvut_hQ,0:09:01,2017-03-19T11:31:40Z
BUMP OF CHICKENã€é­”æ³•ã®æ–™ç† ã€œå›ã‹ã‚‰å›ã¸ã€œã€,https://www.youtube.com/watch?v=MVVQynaCOYg,TOYSFACTORYJP,https://www.youtube.com/channel/UC4C37AMho6DRUIYnoc4fiSA,0:06:30,2010-04-06T01:50:19Z
ãƒªã‚«ã¡ã‚ƒã‚“ã®æ–™ç†ã€ã‚³ãƒ¼ãƒ©ã®ã‚¹ã‚¯ã‚¤ãƒ¼ã‚ºã‚’...!ã€‘ä¸­èº«ã¯ã‚¹ãƒ©ã‚¤ãƒ ã‚¸ãƒ¥ãƒ¼ã‚¹â‰ï¸ãŠã‚‚ã¡ã‚ƒã®ã‚­ãƒƒãƒãƒ³ã§æ‰‹ä½œã‚Šâ™ª squishy slime Cola ãŸã¾ã” Mammy,https://www.youtube.com/watch?v=DQvWRBuXfQc,MammyãŸã¾ã”,https://www.youtube.com/channel/UC1l4SD4Ira5wjwmCGfMnCZQ,0:11:44,2018-05-12T07:00:00Z
ã€æ–™ç†éŸ³ç—´ã€‘ãƒ“ãƒ¼ãƒ•ã‚¹ãƒˆãƒ­ã‚¬ãƒãƒ•ã‚ã‹ã‚‰ãªã„ã‘ã©ä½•ã‚‚è¦‹ãšã«ä½œã£ã¦ã¿ãŸï¼ï¼,https://www.youtube.com/watch?v=V4Iji_TrI_4,Fischer's-ãƒ•ã‚£ãƒƒã‚·ãƒ£ãƒ¼ã‚º-,https://www.youtube.com/channel/UCibEhpu5HP45-w7Bq1ZIulw,0:11:31,2018-09-15T09:00:04Z
ã€å®…é…vsæ‰‹ä½œã‚Šæ–™ç†ã€‘ã‚¹ãƒ”ãƒ¼ãƒ‰å¯¾æ±ºã§ã¾ã•ã‹ã®çµæœã«ï¼ï¼ï¼,https://www.youtube.com/watch?v=MrNzLkFwz9o,æ±æµ·ã‚ªãƒ³ã‚¨ã‚¢,https://www.youtube.com/channel/UCutJqz56653xV2wwSvut_hQ,0:07:27,2017-02-25T10:23:42Z
ãƒªãƒ¬ãƒ¼å½¢å¼ã§æ–™ç†ã—ãŸã‚‰ã¾ã•ã‹ã®çµæœã«ï¼ï¼Ÿ,https://www.youtube.com/watch?v=JInxZh-p2Fc,æ±æµ·ã‚ªãƒ³ã‚¨ã‚¢,https://www.youtube.com/channel/UCutJqz56653xV2wwSvut_hQ,0:09:01,2017-03-19T11:31:40Z
BUMP OF CHICKENã€é­”æ³•ã®æ–™ç† ã€œå›ã‹ã‚‰å›ã¸ã€œã€,https://www.youtube.com/watch?v=MVVQynaCOYg,TOYSFACTORYJP,https://www.youtube.com/channel/UC4C37AMho6DRUIYnoc4fiSA,0:06:30,2010-04-06T01:50:19Z
ã€ä¸»å©¦å¿…è¦‹ã€‘ã‚ã£ã¨ã„ã†é–“ã«æœ¬æ ¼æ–™ç†ï¼ãƒªã‚¢ãƒ«3åˆ†ã‚¯ãƒƒã‚­ãƒ³ã‚°ï¼,https://www.youtube.com/watch?v=iEUpSAmaMTQ,æ±æµ·ã‚ªãƒ³ã‚¨ã‚¢,https://www.youtube.com/channel/UCutJqz56653xV2wwSvut_hQ,0:07:11,2017-12-14T12:34:18Z
è®°å¿†æœ€æ·±çš„å—ç“œæ–™ç†ï¼Œå¦ˆå¦ˆå«å®ƒå—ç“œâ€œèŠ¯å¤´è‚‰â€ã€æ»‡è¥¿å°å“¥ã€‘,https://www.youtube.com/watch?v=rAjhafdWIcM,æ»‡è¥¿å°å“¥ Dianxi Xiaoge,https://www.youtube.com/channel/UCQG_fzADCunBTV1KwjkfAQQ,0:04:12,2018-09-07T08:00:10Z
ã‚¯ã‚¤ã‚ºï¼æœ¬ç‰©ã®ã—ã°ã‚†ãƒ¼ã®æ–™ç†ã‚’è¦‹ç ´ã‚Œï¼ï¼,https://www.youtube.com/watch?v=pNIATedmqX0,æ±æµ·ã‚ªãƒ³ã‚¨ã‚¢,https://www.youtube.com/channel/UCutJqz56653xV2wwSvut_hQ,0:11:18,2019-03-24T11:58:14Z
ãƒ¡ãƒ«ã¡ã‚ƒã‚“ ã‚¢ãƒ³ãƒ‘ãƒ³ãƒãƒ³ã¨ã‚­ãƒƒãƒãƒ³ã§æ–™ç†å¯¾æ±ºï¼ãƒã‚¤ã‚­ãƒ³ãƒãƒ³ã®ã„ãŸãšã‚‰â˜…ãƒ•ã‚§ã‚¤ã‚¹ãƒ©ãƒ³ãƒçš¿ã«ç››ã‚Šä»˜ã‘ã‚ˆã†â™ªãƒ—ãƒªã‚­ãƒ¥ã‚¢ã‚‚ã‚­ãƒ©ã‚­ãƒ©ã‚¹ã‚¤ãƒ¼ãƒ„ä½œã‚Šâ™ªãŸã¾ã”Mammy,https://www.youtube.com/watch?v=-BfRDX2rNCk,MammyãŸã¾ã”,https://www.youtube.com/channel/UC1l4SD4Ira5wjwmCGfMnCZQ,0:05:36,2017-10-20T09:03:11Z
ã€èŒ¶ç¢—è’¸ã—ã€‘ä½œã‚Šæ–¹çŸ¥ã‚‰ãªãã¦ã‚‚æ–™ç†ãªã‚“ã‹ç°¡å˜ã•ï¼,https://www.youtube.com/watch?v=zSNJCsK4ePM,æ±æµ·ã‚ªãƒ³ã‚¨ã‚¢,https://www.youtube.com/channel/UCutJqz56653xV2wwSvut_hQ,0:05:48,2018-01-24T12:32:08Z
ã€ã“ã‚Œã§å›ã‚‚æ–™ç†é•·ã€‘ææ–™ã‚’å°ã•ã˜ï¼‘ãšã¤é£Ÿã¹ã¦æ–™ç†åå½“ã¦ã‚‹ã‚ï¼,https://www.youtube.com/watch?v=QjmSkWTGHsA,æ±æµ·ã‚ªãƒ³ã‚¨ã‚¢,https://www.youtube.com/channel/UCutJqz56653xV2wwSvut_hQ,0:09:24,2018-03-18T12:00:03Z
ç”ŸããŸã‚«ãƒ‹ã‚’å£ºã®ä¸­ã«æ”¾ç½®ã™ã‚‹æ–™ç†ã€ã‚«ãƒ³ã‚¸ãƒ£ãƒ³ã‚±ã‚¸ãƒ£ãƒ³ã€ã‚’ä½œã£ã¦ã¿ãŸã€‚ã€ ê°„ì¥ ê²Œì¥ã€‘,https://www.youtube.com/watch?v=pxLAWc961pI,ãã¾ãã‚Œã‚¯ãƒƒã‚¯Kimagure Cook,https://www.youtube.com/channel/UCaak9sggUeIBPOd8iK_BXcQ,0:12:45,2019-04-27T09:22:43Z
ï¼‘æ—¥ãƒãƒã«ãªã‚‹â¤ï¸ ãŠæ–™ç†ã«ä¿è‚²åœ’ã®ãŠè¿ãˆé ‘å¼µã‚‹ã‚ˆâ˜… ãŠä¸–è©±ã§ãã‚‹ã®ã‹!?,https://www.youtube.com/watch?v=OeXOvSEa2K0,ã“ã“ãªã£ã¡ã‚ƒã‚“,https://www.youtube.com/channel/UCkVtyn6MqO8b50SPCEPIvag,0:12:12,2018-10-08T07:30:01Z
ãƒ¡ãƒ«ã¡ã‚ƒã‚“ ãŠã¾ã¾ã”ã¨ ç„¼ãé­š ç§‹ã®ã•ã‚“ã¾ã‚»ãƒƒãƒˆ ãŠæ–™ç† / Mell-chan Doll Grilled Fish Cooking Toy Playset,https://www.youtube.com/watch?v=bXUkXpb4myI,70cleam,https://www.youtube.com/channel/UC17_aMbsbwtzpa4-SUlDEOw,0:10:17,2018-10-26T08:00:03Z
ã€ãƒšãƒšãƒ­ãƒ³ã€‘çŒ›ç·´ç¿’ã—ãŸã¦ã¤ã—ã°ã®æ–™ç†VSç·´ç¿’ãªã—ã®ã‚Šã‚‡ã†ã®æ–™ç†,https://www.youtube.com/watch?v=SPcpLPxWMTA,æ±æµ·ã‚ªãƒ³ã‚¨ã‚¢,https://www.youtube.com/channel/UCutJqz56653xV2wwSvut_hQ,0:18:35,2020-03-05T12:00:13Z
ã€ãƒ’ã‚«ã‚­ãƒ³ VS ã‚»ã‚¤ã‚­ãƒ³ã€‘å…„å¼Ÿã§ãƒ‘ãƒ³æ–™ç†ãƒãƒˆãƒ«ï¼ï¼ï¼ˆå¯©æŸ»å“¡ï¼šãƒãƒ³ã¡ã‚ƒã‚“ &amp; ãƒãƒã‚­ãƒ³ï¼‰,https://www.youtube.com/watch?v=fx6I17o_MjU,SeikinTV,https://www.youtube.com/channel/UCg4nOl7_gtStrLwF0_xoV0A,0:15:13,2019-09-20T08:00:09Z
ã€ã‚³ã‚¹ãƒˆã‚³çˆ†è²·ã„ã€‘ãƒ¨ãƒ¡ã‚µãƒƒã‚¯ã®æ–™ç†ã®è…•å‰â€¦è¦šé†’ï¼ï¼,https://www.youtube.com/watch?v=UkunUsDBtJY,ã‚«ã‚¸ã‚µãƒƒã‚¯ KAJISAC,https://www.youtube.com/channel/UC642pLj4GXSj-0Ybdx3ytmA,0:27:51,2019-08-10T09:00:03Z
ã€è¶…ç°¡å˜ã€‘ã‚·ãƒ£ãƒªãµã‚ã‚«ãƒ«ãƒ’ã‚šã‚¹ã‹ãæ°·ä½œã£ã¦ã¿ãŸï¼ã€æ–™ç†å‹•ç”»ã€‘ã€ãƒ’ã‚«ã‚­ãƒ³ ã‚¯ãƒƒã‚­ãƒ³ã‚¯ã‚™ã€‘,https://www.youtube.com/watch?v=YXFjvoU2APA,HikakinTV,https://www.youtube.com/channel/UCZf__ehlCEBPop-_sldpBUQ,0:10:17,2019-09-04T07:23:58Z
ã‚¢ãƒ³ãƒ‘ãƒ³ãƒãƒ³ã¨ã ã ã‚“ã ã‚“ã®ãƒãƒ§ã‚³ã‚¨ãƒƒã‚°æ–™ç†â˜…ã±ã£ãã‚“ã‚³ãƒ­ãƒ­ãƒ³ã ã„ã ã£ã—ã‚…ã¤ï¼ã‚­ãƒƒãƒãƒ³ã®ãŠã‚‚ã¡ã‚ƒã§ã‚³ã‚­ãƒ³ã¡ã‚ƒã‚“ã‚„ã¿ã‹ã‚“ã¡ã‚ƒã‚“ã¨ã‚¯ãƒƒã‚­ãƒ³ã‚°â™ªãŸã¾ã”Mammy,https://www.youtube.com/watch?v=ElXkZsFZ_-c,MammyãŸã¾ã”,https://www.youtube.com/channel/UC1l4SD4Ira5wjwmCGfMnCZQ,0:10:01,2019-10-21T07:42:08Z
ã€ï¼‘å††ç‰ã‚µã‚¤ã‚ºã€‘å°äººã‚’å–œã°ã›ã‚ï¼ï¼å°ã•ã„æ–™ç†å¯¾æ±ºï¼ï¼ï¼,https://www.youtube.com/watch?v=UGu5da20X5c,æ±æµ·ã‚ªãƒ³ã‚¨ã‚¢,https://www.youtube.com/channel/UCutJqz56653xV2wwSvut_hQ,0:17:41,2020-05-07T12:00:12Z
ã€ã„ã„å‹è² ï¼Ÿã€‘æ–™ç†vsææ–™ã§æ—©é£Ÿã„ãƒãƒˆãƒ«ï¼ï¼,https://www.youtube.com/watch?v=wODg0OS6kWs,æ±æµ·ã‚ªãƒ³ã‚¨ã‚¢,https://www.youtube.com/channel/UCutJqz56653xV2wwSvut_hQ,0:10:58,2019-06-28T11:57:42Z
å…¨ãæ–™ç†ã§ããªã„ç”·ãŒæƒ³åƒã ã‘ã§ã€ãƒ©ã‚¿ãƒˆã‚¥ã‚¤ãƒ¦ã€ä½œã£ã¦ã¿ãŸ,https://www.youtube.com/watch?v=mP6WW_BHsaA,æ±æµ·ã‚ªãƒ³ã‚¨ã‚¢,https://www.youtube.com/channel/UCutJqz56653xV2wwSvut_hQ,0:12:35,2019-05-05T11:58:15Z
ã€æ–™ç†éŸ³ç—´ã€‘ã‚­ãƒ¼ãƒã‚«ãƒ¬ãƒ¼ã‚ã‹ã‚‰ãªã„ã‘ã©ä½•ã‚‚è¦‹ãšã«ä½œã£ã¦ã¿ãŸï¼ï¼,https://www.youtube.com/watch?v=KKd9Cws9CjM,Fischer's-ãƒ•ã‚£ãƒƒã‚·ãƒ£ãƒ¼ã‚º-,https://www.youtube.com/channel/UCibEhpu5HP45-w7Bq1ZIulw,0:13:24,2019-08-31T10:00:17Z
ãƒ¡ãƒ«ã¡ã‚ƒã‚“ ãŠã¾ã¾ã”ã¨ åšç„¼ãåµ ç„¼ãé­šã‚»ãƒƒãƒˆ ãŠæ–™ç† / Mell-chan Doll Grilled Fish Cooking Toy Playset,https://www.youtube.com/watch?v=NcWg_fUlZoI,70cleam,https://www.youtube.com/channel/UC17_aMbsbwtzpa4-SUlDEOw,0:15:17,2019-02-01T08:00:01Z
ç«äº‹? æ¶ˆé˜²å£«ã”ã£ã“ æ–™ç†ä¸­ã¯æ³¨æ„!!? ã‚­ãƒƒã‚ºãƒãƒŠãƒ¼ ãŠã‚†ã†ã ã“ã†ãã‚“ã­ã¿ã¡ã‚ƒã‚“ pretend play Firefighter Attention to fire during cooking,https://www.youtube.com/watch?v=cNJsz6uxbU0,ã‚­ãƒƒã‚ºãƒ©ã‚¤ãƒ³â™¡Kids Line,https://www.youtube.com/channel/UCQs-tWGqacJ7vuuJDtXq28w,0:18:07,2019-02-21T02:01:22Z
ã‚¢ãƒ³ãƒ‘ãƒ³ãƒãƒ³ã¨ãƒ¡ãƒ«ã¡ã‚ƒã‚“ãŒã‚­ãƒƒãƒãƒ³ã§æ–™ç†ã‚·ãƒ§ãƒ¼â˜…ãƒªã‚«ã¡ã‚ƒã‚“ã«ã‚¹ãƒ©ã‚¤ãƒ ã‚„ã‚¹ã‚¯ã‚¤ãƒ¼ã‚ºã®ç›®ç‰ç„¼ãã§ãƒªã‚¢ãƒ«ãŠã¾ã¾ã”ã¨â˜…ã­ã‚“ã©ã‚„ãŠã‚‚ã¡ã‚ƒã§ã”é£¯ä½œã‚Šâ™©å­ä¾›å‘ã‘ egg slime cooking,https://www.youtube.com/watch?v=khf1P8ZtqGc,MammyãŸã¾ã”,https://www.youtube.com/channel/UC1l4SD4Ira5wjwmCGfMnCZQ,0:08:15,2018-09-29T07:31:55Z
ãƒ’ã‚«ã‚­ãƒ³ã®ã‚¹ãƒ¼ãƒ‘ãƒ¼ãƒãƒªã‚ªã‚ªãƒ‡ãƒƒã‚»ã‚¤å®Ÿæ³ Part11ã€æ–™ç†ã®å›½ã§å¤§è‹¦æˆ¦wã€‘,https://www.youtube.com/watch?v=cgAMkQlShds,HikakinGames,https://www.youtube.com/channel/UCX1xppLvuj03ubLio8jslyA,0:51:06,2019-06-15T06:00:51Z
ã€å…¨3å•ã€‘ã“ã®ä¸–ã«å®Ÿåœ¨ã™ã‚‹æ–™ç†ã‚’è¦‹æ¥µã‚ã‚ï¼ï¼ï¼,https://www.youtube.com/watch?v=B2EZyROtZ20,æ±æµ·ã‚ªãƒ³ã‚¨ã‚¢,https://www.youtube.com/channel/UCutJqz56653xV2wwSvut_hQ,0:16:19,2019-07-26T11:58:11Z
ãƒ¡ãƒ«ã¡ã‚ƒã‚“ ãŠã¾ã¾ã”ã¨ ãƒãƒ¼ã‚ºãƒ•ã‚©ãƒ³ãƒ‡ãƒ¥ã¨ãƒãƒˆãƒ• ãŠæ–™ç† ãƒãƒ¼ã‚ºã‚¹ãƒ©ã‚¤ãƒ  / Mell-chan Cheese Fondue Cooking Toy Playset and Pot au Feu,https://www.youtube.com/watch?v=fLTVXLCIsE4,70cleam,https://www.youtube.com/channel/UC17_aMbsbwtzpa4-SUlDEOw,0:15:13,2018-11-23T08:00:03Z
ã€è¬æ–™ç†ã€‘åƒã¨åƒå°‹ã®ãŠçˆ¶ã•ã‚“ãŒã‚ºãƒœãƒœãƒœã—ã¦ãŸã‚¢ãƒ¬ã‚’ä½œã‚ã†ã¨ã—ã¦ã¿ãŸã‚‰...,https://www.youtube.com/watch?v=9jL-gvzONUo,æ±æµ·ã‚ªãƒ³ã‚¨ã‚¢,https://www.youtube.com/channel/UCutJqz56653xV2wwSvut_hQ,0:13:17,2019-11-23T12:26:10Z
ã€å†ç”Ÿå±‹ã€‘ã—ã°ã‚†ãƒ¼ãŒä½œã£ãŸåœ°ç„æ–™ç†ã‚’ãƒªãƒ¡ã‚¤ã‚¯ã—ã¦é£Ÿã¹ã‚‰ã‚Œã‚‹ç‰©ã«ã—ã¦ã‚ã’ãŸã„,https://www.youtube.com/watch?v=Mgh8LMXQ_Qg,æ±æµ·ã‚ªãƒ³ã‚¨ã‚¢,https://www.youtube.com/channel/UCutJqz56653xV2wwSvut_hQ,0:15:14,2019-10-03T14:22:49Z
æ„›ã¨æ‚²ã—ã¿ã®ç‚’é£¯ã€œæ–™ç†ã¯å‘½ã‚ˆã‚Šã‚‚é‡ã„ã€œ,https://www.youtube.com/watch?v=N89qqdsUpHk,æ±æµ·ã‚ªãƒ³ã‚¨ã‚¢,https://www.youtube.com/channel/UCutJqz56653xV2wwSvut_hQ,0:09:37,2018-09-16T12:00:02Z
Super Mario StopMotion Cookingã€ŒSuper Mushroom stewã€ãƒãƒªã‚ªã®ä¸æ€è­°ãªæ–™ç†ã€Œã‚¹ãƒ¼ãƒ‘ãƒ¼ã‚­ãƒã‚³ã‚·ãƒãƒ¥ãƒ¼ã€,https://www.youtube.com/watch?v=yH989gCoVWQ,Koma Channel,https://www.youtube.com/channel/UCFyP8AoNshDusWh2A5UU4qA,0:01:38,2019-05-18T23:04:30Z
ã€ã„ã„åŒ‚ã„ã¯NGã€‘ï½¢è‡­ãã¦ãŠã„ã—ã„æ–™ç†ï½£é¸æ‰‹æ¨©ï¼,https://www.youtube.com/watch?v=P7inioeqW_U,æ±æµ·ã‚ªãƒ³ã‚¨ã‚¢,https://www.youtube.com/channel/UCutJqz56653xV2wwSvut_hQ,0:12:56,2019-10-20T12:00:12Z
ã‚²ãƒ†ãƒ¢ãƒç³»DJé›†å›£ãŒã‚²ãƒ†ãƒ¢ãƒæ–™ç†ã‚’ã‚†ã‚å¯æ„›ãé£Ÿã¹ã‚‹ã‚ˆâ™¡,https://www.youtube.com/watch?v=OdzVhKSez00,ãƒ¬ãƒšã‚¼ãƒ³åœ°çƒã€å…¬å¼ã€‘,https://www.youtube.com/channel/UC3eTZ5Yld6qufD6rtEiERdw,0:11:07,2019-08-28T15:50:02Z
ã€ã„ã„åŒ‚ã„ã¯NGã€‘ï½¢è‡­ãã¦ãŠã„ã—ã„æ–™ç†ï½£é¸æ‰‹æ¨©ï¼,https://www.youtube.com/watch?v=P7inioeqW_U,æ±æµ·ã‚ªãƒ³ã‚¨ã‚¢,https://www.youtube.com/channel/UCutJqz56653xV2wwSvut_hQ,0:12:56,2019-10-20T12:00:12Z
ã‚²ãƒ†ãƒ¢ãƒç³»DJé›†å›£ãŒã‚²ãƒ†ãƒ¢ãƒæ–™ç†ã‚’ã‚†ã‚å¯æ„›ãé£Ÿã¹ã‚‹ã‚ˆâ™¡,https://www.youtube.com/watch?v=OdzVhKSez00,ãƒ¬ãƒšã‚¼ãƒ³åœ°çƒã€å…¬å¼ã€‘,https://www.youtube.com/channel/UC3eTZ5Yld6qufD6rtEiERdw,0:11:07,2019-08-28T15:50:02Z
ã€ä¼æ¥­ç§˜å¯†ã€‘å¤‰ãªé­šãŠã˜ã•ã‚“ç›´ä¼ã®ãƒ•ã‚°æ–™ç†ã‚’ä¼æˆã—ã¦ã‚‚ã‚‰ã„ã¾ã—ãŸï¼ã“ã‚Šã‚ƒãƒ¼ï¼ã„ã„ï¼,https://www.youtube.com/watch?v=x8aXVu8dWMc,ãã¾ãã‚Œã‚¯ãƒƒã‚¯Kimagure Cook,https://www.youtube.com/channel/UCaak9sggUeIBPOd8iK_BXcQ,0:13:31,2019-01-14T10:41:02Z
ã‚¢ãƒ³ãƒ‘ãƒ³ãƒãƒ³ã¨ãƒ¡ãƒ«ã¡ã‚ƒã‚“ã€è¶…ãƒªã‚¢ãƒ«èµ¤ã¡ã‚ƒã‚“ã®ãŠä¸–è©±ã”ã£ã“â˜…ã€‘ã‚¹ãƒ©ã‚¤ãƒ æ–™ç†ã‚’ã‚­ãƒƒãƒãƒ³ã§ä½œã‚‹â™ªã‚¯ã‚¤ã‚ºã§ã‚µãƒ—ãƒ©ã‚¤ã‚ºãƒˆã‚¤é–‹å°ï¼ä¿è‚²åœ’ã®1æ—¥ãƒ«ãƒ¼ãƒ†ã‚£ãƒ³Miniature Baby Doll,https://www.youtube.com/watch?v=diHn8TcX-Hs,MammyãŸã¾ã”,https://www.youtube.com/channel/UC1l4SD4Ira5wjwmCGfMnCZQ,0:10:03,2020-02-15T09:00:06Z
å…ƒéŠ€ã ã“åº—å“¡ãŒãŸã“ç„¼ãã‚’ä½œã£ã¦é£Ÿã¹ã‚‹ã€æ–™ç†vlogã€‘takoyaki.,https://www.youtube.com/watch?v=KrCW7jv5qw4,ã‹ã£ã¤ãƒ¼,https://www.youtube.com/channel/UC_MTz4eFIPt2ihuqFk8tMqQ,0:10:01,2019-12-28T10:00:02Z
ä»£ç”¨é£Ÿå“ã ã‘ã§æ–™ç†ä½œã£ã¦ã‚‚å…ƒã®æ–™ç†ã¨å¤‰ã‚ã‚‰ãªã„ã‚“ã˜ã‚ƒã­ï¼ï¼Ÿ,https://www.youtube.com/watch?v=KMTabv8VrbI,æ±æµ·ã‚ªãƒ³ã‚¨ã‚¢,https://www.youtube.com/channel/UCutJqz56653xV2wwSvut_hQ,0:10:07,2019-07-11T14:10:46Z
ã€è¦‹ãŸç›®ã¯ã€‡ã€‡!!ã€‘ç¬¬ä¸€å›ï¼ãƒ•ã‚§ã‚¤ã‚¯æ–™ç†é¸æ‰‹æ¨©ï¼ï¼ï¼ï¼ï¼,https://www.youtube.com/watch?v=ne4zC2YGTpw,æ±æµ·ã‚ªãƒ³ã‚¨ã‚¢,https://www.youtube.com/channel/UCutJqz56653xV2wwSvut_hQ,0:12:30,2020-01-21T12:00:12Z
ã‚­ãƒƒãƒãƒ³ã§ãŠæ–™ç†ã”ã£ã“ï¼ãƒ‡ã‚£ã‚ºãƒ‹ãƒ¼ãƒŸãƒ‹ãƒ¼ãƒã‚¦ã‚¹ãªã‚Šãã‚ŠãŠå°æ‰€ãŠã¾ã¾ã”ã¨ - ã¯ã­ã¾ã‚Šãƒãƒ£ãƒ³ãƒãƒ«,https://www.youtube.com/watch?v=OCa94ez_PII,ã¯ã­ã¾ã‚Šãƒãƒ£ãƒ³ãƒãƒ«Hane & Mari's World,https://www.youtube.com/channel/UCPzqjzrvmSA9dVydRdAX6Xg,0:10:41,2019-08-22T08:00:03Z
ãŠè‚‰ã‚’ä¸€åˆ‡ä½¿ã‚ãšã«ï½¢è‚‰æ–™ç†ï½£å¯¾æ±ºï¼,https://www.youtube.com/watch?v=vl0puIt8GkA,æ±æµ·ã‚ªãƒ³ã‚¨ã‚¢,https://www.youtube.com/channel/UCutJqz56653xV2wwSvut_hQ,0:13:20,2019-09-12T10:00:11Z
ã€æ–™ç†é«˜æ ¡ç”ŸLove Cuisineã€‘æ°æŸ”CPå…¨åŠ‡ç²¾è¯ï¼ç”œè‚‰éº»æ­»äº† (æåœ‹æ¯… æ—äºˆæ™),https://www.youtube.com/watch?v=A_j_0WcN2aw,NewShowBizå®Œå…¨å¨›æ¨‚,https://www.youtube.com/channel/UCX9VHpN62jkqCCntHxymPOA,1:56:02,2019-03-25T21:40:23Z
ã€æ–™ç†éŸ³ç—´ã€‘ãƒ ãƒ‹ã‚¨ãƒ«ã¨ã‚«ãƒ«ãƒ‘ãƒƒãƒãƒ§ä½œã‚Šæ–¹ã‚ã‹ã‚‰ã‚“ã‘ã©ä½•ã‚‚ã¿ãšã«ä½œã£ãŸã‚‰å¥‡è·¡ãŒèµ·ããŸï¼ï¼Ÿ,https://www.youtube.com/watch?v=EvuyP6o0xoU,Fischer's-ãƒ•ã‚£ãƒƒã‚·ãƒ£ãƒ¼ã‚º-,https://www.youtube.com/channel/UCibEhpu5HP45-w7Bq1ZIulw,0:12:54,2020-02-23T12:53:31Z
ã€ãƒ’ã‚«ã‚­ãƒ³ VS ã‚»ã‚¤ã‚­ãƒ³ã€‘å…„å¼Ÿã§ãƒ‘ãƒ³æ–™ç†ãƒãƒˆãƒ«ï¼ï¼ï¼ˆå¯©æŸ»å“¡ï¼šãƒãƒ³ã¡ã‚ƒã‚“ &amp; ãƒãƒã‚­ãƒ³ï¼‰,https://www.youtube.com/watch?v=fx6I17o_MjU,SeikinTV,https://www.youtube.com/channel/UCg4nOl7_gtStrLwF0_xoV0A,0:15:13,2019-09-20T08:00:09Z
ã€ãƒ¢ãƒ‹ã‚¿ãƒªãƒ³ã‚°ã€‘æ‰‹ä½œã‚Šæ–™ç†ã¨è¨€ã£ã¦ã‚³ãƒ³ãƒ“ãƒ‹ã®å•†å“ã‚’å‡ºã—ãŸã‚‰æ°—ä»˜ãã®ã‹ï¼Ÿ,https://www.youtube.com/watch?v=BaQOTcWSky8,ãƒ´ã‚¡ãƒ³ã‚†ã‚“ãƒãƒ£ãƒ³ãƒãƒ«ã€VAMYUNã€‘,https://www.youtube.com/channel/UCftut9Z6S48igRNSQRDpCCg,0:11:34,2019-06-07T13:27:05Z
ã€ã‚³ã‚¹ãƒˆã‚³çˆ†è²·ã„ã€‘ãƒ¨ãƒ¡ã‚µãƒƒã‚¯ã®æ–™ç†ã®è…•å‰â€¦è¦šé†’ï¼ï¼,https://www.youtube.com/watch?v=UkunUsDBtJY,ã‚«ã‚¸ã‚µãƒƒã‚¯ KAJISAC,https://www.youtube.com/channel/UC642pLj4GXSj-0Ybdx3ytmA,0:27:51,2019-08-10T09:00:03Z
26ã®ã¡ã‚‡ã£ã¨å¤‰ã‚ã£ãŸãŠæ–™ç†æ³•,https://www.youtube.com/watch?v=xve6M8NZyc8,ï¼•åˆ†ã§ã§ãã‚‹ DIY,https://www.youtube.com/channel/UCJsxAriYBUnKZVdMXZnGDoA,0:13:02,2018-11-03T05:00:03Z
çµ¶å¯¾ã«ãŠåº—ã§ã¯é£Ÿã¹ã‚‰ã‚Œãªã„è´…æ²¢é¯›æ–™ç†ï¼ï¼,https://www.youtube.com/watch?v=wLTaaBb562Q,é‡£ã‚Šã‚ˆã‹ã§ã—ã‚‡ã†ã€‚,https://www.youtube.com/channel/UC4QadOSsJu54Qs8z99shRiQ,0:16:06,2017-04-23T11:00:03Z
ç”Ÿã®ãƒ¯ã‚¿ãƒªã‚¬ãƒ‹ã‚’ç†Ÿæˆã•ã›ã¦ã€æ¿€è¾›ã«ã™ã‚‹æ–™ç†ã€ãƒ¤ãƒ³ãƒ‹ãƒ§ãƒ ã‚±ã‚¸ãƒ£ãƒ³ã€ã‚’è‡ªå®¶è£½ã—ã¦ã¿ãŸã‚‰ã€ã¨ã‚“ã§ã‚‚ãªã„å‚‘ä½œãŒã§ããŸï¼,https://www.youtube.com/watch?v=aQ3B68VVfwU,ãã¾ãã‚Œã‚¯ãƒƒã‚¯Kimagure Cook,https://www.youtube.com/channel/UCaak9sggUeIBPOd8iK_BXcQ,0:13:15,2019-09-04T07:56:16Z
ã€è¶…ç°¡å˜ã€‘ã‚·ãƒ£ãƒªãµã‚ã‚«ãƒ«ãƒ’ã‚šã‚¹ã‹ãæ°·ä½œã£ã¦ã¿ãŸï¼ã€æ–™ç†å‹•ç”»ã€‘ã€ãƒ’ã‚«ã‚­ãƒ³ ã‚¯ãƒƒã‚­ãƒ³ã‚¯ã‚™ã€‘,https://www.youtube.com/watch?v=YXFjvoU2APA,HikakinTV,https://www.youtube.com/channel/UCZf__ehlCEBPop-_sldpBUQ,0:10:17,2019-09-04T07:23:58Z
ã‚¢ãƒ³ãƒ‘ãƒ³ãƒãƒ³ã¨ã ã ã‚“ã ã‚“ã®ãƒãƒ§ã‚³ã‚¨ãƒƒã‚°æ–™ç†â˜…ã±ã£ãã‚“ã‚³ãƒ­ãƒ­ãƒ³ã ã„ã ã£ã—ã‚…ã¤ï¼ã‚­ãƒƒãƒãƒ³ã®ãŠã‚‚ã¡ã‚ƒã§ã‚³ã‚­ãƒ³ã¡ã‚ƒã‚“ã‚„ã¿ã‹ã‚“ã¡ã‚ƒã‚“ã¨ã‚¯ãƒƒã‚­ãƒ³ã‚°â™ªãŸã¾ã”Mammy,https://www.youtube.com/watch?v=ElXkZsFZ_-c,MammyãŸã¾ã”,https://www.youtube.com/channel/UC1l4SD4Ira5wjwmCGfMnCZQ,0:10:01,2019-10-21T07:42:08Z
ã€ï¼‘å††ç‰ã‚µã‚¤ã‚ºã€‘å°äººã‚’å–œã°ã›ã‚ï¼ï¼å°ã•ã„æ–™ç†å¯¾æ±ºï¼ï¼ï¼,https://www.youtube.com/watch?v=UGu5da20X5c,æ±æµ·ã‚ªãƒ³ã‚¨ã‚¢,https://www.youtube.com/channel/UCutJqz56653xV2wwSvut_hQ,0:17:41,2020-05-07T12:00:12Z
ã‚¢ãƒ³ãƒ‘ãƒ³ãƒãƒ³ã¨ã ã ã‚“ã ã‚“ã®ãƒãƒ§ã‚³ã‚¨ãƒƒã‚°æ–™ç†â˜…ã±ã£ãã‚“ã‚³ãƒ­ãƒ­ãƒ³ã ã„ã ã£ã—ã‚…ã¤ï¼ã‚­ãƒƒãƒãƒ³ã®ãŠã‚‚ã¡ã‚ƒã§ã‚³ã‚­ãƒ³ã¡ã‚ƒã‚“ã‚„ã¿ã‹ã‚“ã¡ã‚ƒã‚“ã¨ã‚¯ãƒƒã‚­ãƒ³ã‚°â™ªãŸã¾ã”Mammy,https://www.youtube.com/watch?v=ElXkZsFZ_-c,MammyãŸã¾ã”,https://www.youtube.com/channel/UC1l4SD4Ira5wjwmCGfMnCZQ,0:10:01,2019-10-21T07:42:08Z
ã€ï¼‘å††ç‰ã‚µã‚¤ã‚ºã€‘å°äººã‚’å–œã°ã›ã‚ï¼ï¼å°ã•ã„æ–™ç†å¯¾æ±ºï¼ï¼ï¼,https://www.youtube.com/watch?v=UGu5da20X5c,æ±æµ·ã‚ªãƒ³ã‚¨ã‚¢,https://www.youtube.com/channel/UCutJqz56653xV2wwSvut_hQ,0:17:41,2020-05-07T12:00:12Z
ã€å¤§ç™ºè¦‹!?ã€‘ã‚¹ã‚¿ãƒŸãƒŠæ–™ç†ã£ã¦ãƒã‚«ã˜ã‚ƒã­ï¼ï¼Ÿæ„å‘³ãŒã‚ã‚‹ã®ã‹æ¤œè¨¼ã—ãŸã‚‰å‡„ã„ã“ã¨ã«ãƒ»ãƒ»ï¼ï¼,https://www.youtube.com/watch?v=LXQaCg1brAY,æ±æµ·ã‚ªãƒ³ã‚¨ã‚¢,https://www.youtube.com/channel/UCutJqz56653xV2wwSvut_hQ,0:15:56,2020-05-15T12:00:11Z
ã€ã‚ã¤æ£®ï¼Ÿã€‘èª¿ç†å™¨å…·ã‚’DIYã—ã¦æ–™ç†ã‚’å®Œæˆã•ã›ã‚ˆã†ã¨ã—ãŸã‚‰åˆ¥ã«ä½™è£•ã§ã—ãŸï¼ï¼ï¼,https://www.youtube.com/watch?v=Hr3zxoxjmsk,æ±æµ·ã‚ªãƒ³ã‚¨ã‚¢,https://www.youtube.com/channel/UCutJqz56653xV2wwSvut_hQ,0:14:57,2020-04-30T12:30:12Z
ã€æ—¥æœ¬ä¸€é«˜ã„æ–™ç†æ•™å®¤ã€‘æœˆè¬ã‚’æ‰•ã‚ãªã„ç”Ÿå¾’ã«å…ˆç”Ÿãƒ–ãƒã‚®ãƒ¬,https://www.youtube.com/watch?v=s0c-URjF_eI,MANARUTAIãƒãƒŠãƒ«éšŠ,https://www.youtube.com/channel/UC4gtGRAiS5msZfhEhdZO6hw,0:08:26,2020-02-10T11:00:11Z
ã€å¤§é£Ÿã„ã€‘è°·ã‚„ã‚“ã£ã¦ä½•è€…ï¼Ÿé£Ÿè²»ã¯ï¼Ÿæ–™ç†äººï¼Ÿåå…¥æºã£ã¦ã©ã“ï¼Ÿï½è³ªå•ã‚³ãƒ¼ãƒŠãƒ¼ï½,https://www.youtube.com/watch?v=BoXbWpXD1VU,/è°·ã‚„ã‚“è°·å´é·¹äºº,https://www.youtube.com/channel/UC1-4AnMxkLXLNL3-7UJ4KTQ,0:18:15,2017-10-14T06:20:50Z
ã€çªæ’ƒã€‘ã›ã„ã‚„å®…æŠ¼ã—ã‹ã‘ãŸã‚‰ä½•ã®æ–™ç†ãµã‚‹ã¾ã£ã¦ãã‚Œã‚‹ã®ã‹ï¼Ÿã€éœœé™ã‚Šæ˜æ˜Ÿã€‘,https://www.youtube.com/watch?v=2cHoJwVYj6I,ã—ã‚‚ãµã‚Šãƒãƒ¥ãƒ¼ãƒ–,https://www.youtube.com/channel/UCpGpA7mSYmNJjLiJxKso5QA,0:16:30,2020-02-03T09:00:05Z
ã€ç°¡å˜ã€‘ãƒ³ãƒ€ãƒ›ã‚¯ãƒƒã‚­ãƒ³ã‚°ï¼ãŠã«ãã‚Šä¸¸ã”ã¨ä½¿ã£ãŸæ–™ç†ã£ã¦ä½•ï¼ï¼Ÿã€ãŠã„ã—ã„ã€‘,https://www.youtube.com/watch?v=h1bN-UVo2kQ,Fischer's-ã‚»ã‚«ãƒ³ãƒ€ãƒª-,https://www.youtube.com/channel/UCs4KWxdP-lRc-dgLXE5i8Wg,0:06:51,2019-04-22T12:24:56Z
æ™®æ®µæ¨ã¦ã‚‹ã¨ã“ã‚ã ã‘ã§æ–™ç†ã—ãŸã‚‰ä¸»å©¦å¤§æ­“å–œã®å¤§ç™ºè¦‹ãŒï¼ï¼ï¼,https://www.youtube.com/watch?v=Ik9nkDyZw0E,æ±æµ·ã‚ªãƒ³ã‚¨ã‚¢,https://www.youtube.com/channel/UCutJqz56653xV2wwSvut_hQ,0:14:56,2020-04-25T12:49:08Z
ã€ç‹ æ„›æ¼”ã€‘æ¿€é¬¥ï¼å·¨ç„¡éœ¸æ–™ç†ä¸‰å›åˆã€è·¯è·¯ç”Ÿæ¶¯ç¢°ä¸Šæœ€å¤§é›£é—œã€ft.è·¯è·¯,https://www.youtube.com/watch?v=JHklFXQ7OgU,ç‹ æ„›æ¼”,https://www.youtube.com/channel/UCnfPDcASesYjcO5u-ELnb-Q,0:10:04,2019-04-18T10:30:00Z
æ™®æ®µæ¨ã¦ã‚‹ã¨ã“ã‚ã ã‘ã§æ–™ç†ã—ãŸã‚‰ä¸»å©¦å¤§æ­“å–œã®å¤§ç™ºè¦‹ãŒï¼ï¼ï¼,https://www.youtube.com/watch?v=Ik9nkDyZw0E,æ±æµ·ã‚ªãƒ³ã‚¨ã‚¢,https://www.youtube.com/channel/UCutJqz56653xV2wwSvut_hQ,0:14:56,2020-04-25T12:49:08Z
ã€ç‹ æ„›æ¼”ã€‘æ¿€é¬¥ï¼å·¨ç„¡éœ¸æ–™ç†ä¸‰å›åˆã€è·¯è·¯ç”Ÿæ¶¯ç¢°ä¸Šæœ€å¤§é›£é—œã€ft.è·¯è·¯,https://www.youtube.com/watch?v=JHklFXQ7OgU,ç‹ æ„›æ¼”,https://www.youtube.com/channel/UCnfPDcASesYjcO5u-ELnb-Q,0:10:04,2019-04-18T10:30:00Z
ã€å ¤ä¸‹VSè°·ã‚„ã‚“ã€‘ã‚¬ãƒãƒ³ã‚³æ–™ç†å¯¾æ±º,https://www.youtube.com/watch?v=YshSqTXX950,ã‚«ã‚¸ã‚µãƒƒã‚¯ KAJISAC,https://www.youtube.com/channel/UC642pLj4GXSj-0Ybdx3ytmA,0:49:37,2019-12-09T10:30:00Z
ã“ã®ææ–™ãªã‚‰ã“ã®æ–™ç†ã ã‚ã†ï¼ãŠæ–™ç†ç¥çµŒè¡°å¼±ï¼,https://www.youtube.com/watch?v=I0LsTHXBrmc,æ±æµ·ã‚ªãƒ³ã‚¨ã‚¢,https://www.youtube.com/channel/UCutJqz56653xV2wwSvut_hQ,0:23:54,2020-06-20T12:00:12Z
è±¬è‚‰æ–™ç†-æ»·è±¬è…³,https://www.youtube.com/watch?v=-NxDU-kXcmQ,åª½åª½é–‹å¿ƒå»šæˆ¿,https://www.youtube.com/channel/UCfLYzwTJJaln6lupqilfiWA,0:12:31,2015-05-03T13:43:18Z
æ–™ç†ãŒå¤§å¥½ãã«ãªã£ã¡ã‚ƒã†å°æ‰€ã§ã®ãƒãƒƒã‚¯33é¸,https://www.youtube.com/watch?v=EKGe3U-DRlY,ï¼•åˆ†ã§ã§ãã‚‹ DIY,https://www.youtube.com/channel/UCJsxAriYBUnKZVdMXZnGDoA,0:15:17,2019-11-01T05:00:01Z
ã€æ–°ä¼ç”»ã€‘å ¤ä¸‹VSãƒ¨ãƒ¡ã‚µãƒƒã‚¯ ã‚¬ãƒãƒ³ã‚³æ–™ç†å¯¾æ±ºï¼,https://www.youtube.com/watch?v=Fdrc78vW_vI,ã‚«ã‚¸ã‚µãƒƒã‚¯ KAJISAC,https://www.youtube.com/channel/UC642pLj4GXSj-0Ybdx3ytmA,0:37:39,2019-08-03T09:00:04Z
ã‚¢ãƒ³ãƒ‘ãƒ³ãƒãƒ³å·ã®ãŠå¼å½“ãŠã‚‚ã¡ã‚ƒã§ãƒ¡ãƒ«ã¡ã‚ƒã‚“ã¨ãŠæ–™ç†ãƒˆãƒ³ãƒˆãƒ³â¤ï¸ã‚­ãƒƒãƒãƒ³ã§ãƒã‚¤ã‚­ãƒ³ãƒãƒ³ã‚‚ãŠå­æ§˜ãƒ©ãƒ³ãƒã‚’ãƒªã‚¢ãƒ«ãŠã¾ã¾ã”ã¨ã‚·ãƒ§ãƒ¼â˜…ãŸã¾ã”Mammy,https://www.youtube.com/watch?v=QjzZhDCmYmE,MammyãŸã¾ã”,https://www.youtube.com/channel/UC1l4SD4Ira5wjwmCGfMnCZQ,0:06:54,2020-01-11T07:56:45Z
ã©ã†ã—ã¦ï¼Ÿæ–™ç†ãŒåŠåˆ†ç„¡ã„ï¼ï¼ã²ã¾ã‚ã‚Šãƒ¬ã‚¹ãƒˆãƒ©ãƒ³ã§äº‹ä»¶ç™ºç”Ÿï¼Ÿï¼Ÿå¯¸åŠ‡ãƒ»ã”ã£ã“éŠã³himawari-CH,https://www.youtube.com/watch?v=BbM5PuZ8j3I,HIMAWARIã¡ã‚ƒã‚“ã­ã‚‹,https://www.youtube.com/channel/UCJ98lzh2QJGp37QgWPUcwrQ,0:18:05,2020-04-25T08:00:04Z
ã€èŒãˆæ–­ã€‘åŠç†ŸãŸã¾ã”ã‚µãƒ³ãƒ‰ã‚¤ãƒƒãƒ ã€œã‚ã‚“ã±ãã‚µãƒ³ãƒ‰ã®ãƒã‚¤ãƒ³ãƒˆï¼ã€œ ã€æ²¼ã‚µãƒ³ã€‘ã€æ–™ç†ãƒ¬ã‚·ãƒ”ã¯Party KitchenğŸ‰ã€‘,https://www.youtube.com/watch?v=nCznthfPH9w,Party Kitchen - ãƒ‘ãƒ¼ãƒ†ã‚£ãƒ¼ã‚­ãƒƒãƒãƒ³,https://www.youtube.com/channel/UCmpuIDDF9WL_w-MXYyZRzFg,0:15:33,2019-12-10T11:00:11Z
ã©ã†ã—ã¦ï¼Ÿæ–™ç†ãŒåŠåˆ†ç„¡ã„ï¼ï¼ã²ã¾ã‚ã‚Šãƒ¬ã‚¹ãƒˆãƒ©ãƒ³ã§äº‹ä»¶ç™ºç”Ÿï¼Ÿï¼Ÿå¯¸åŠ‡ãƒ»ã”ã£ã“éŠã³himawari-CH,https://www.youtube.com/watch?v=BbM5PuZ8j3I,HIMAWARIã¡ã‚ƒã‚“ã­ã‚‹,https://www.youtube.com/channel/UCJ98lzh2QJGp37QgWPUcwrQ,0:18:05,2020-04-25T08:00:04Z
ã€èŒãˆæ–­ã€‘åŠç†ŸãŸã¾ã”ã‚µãƒ³ãƒ‰ã‚¤ãƒƒãƒ ã€œã‚ã‚“ã±ãã‚µãƒ³ãƒ‰ã®ãƒã‚¤ãƒ³ãƒˆï¼ã€œ ã€æ²¼ã‚µãƒ³ã€‘ã€æ–™ç†ãƒ¬ã‚·ãƒ”ã¯Party KitchenğŸ‰ã€‘,https://www.youtube.com/watch?v=nCznthfPH9w,Party Kitchen - ãƒ‘ãƒ¼ãƒ†ã‚£ãƒ¼ã‚­ãƒƒãƒãƒ³,https://www.youtube.com/channel/UCmpuIDDF9WL_w-MXYyZRzFg,0:15:33,2019-12-10T11:00:11Z
ã€ä½œã‚Šç½®ãã€‘ä¸€äººæš®ã‚‰ã—ãƒ»ç°¡å˜ä½œã‚Šç½®ãï¼—å“ / Meal Prepã€ASMRãƒ»æ–™ç†éŸ³ãƒ»Vlogã€‘(SUB),https://www.youtube.com/watch?v=J0PKkothYWY,Tina's Life,https://www.youtube.com/channel/UCdRDRX48z2TL19IEG9N0UQg,0:10:24,2019-09-18T11:05:31Z
ä¾¿åˆ©ã§æ¥½ã—ã„æ–™ç†è¡“ï¼123Go!ãŒè´ˆã‚‹ãŠæ–™ç†ãƒãƒƒã‚¯ï¼,https://www.youtube.com/watch?v=pP9C0dJ4f0M,123 GO! Japanese,https://www.youtube.com/channel/UCHOcD9LRgzzs4IMr-Otvbyg,0:10:01,2020-03-13T11:45:01Z
mini food: tiny edible pancake æœ¬å½“ã«é£Ÿã¹ã‚‰ã‚Œã‚‹ãƒŸãƒ‹ãƒãƒ¥ã‚¢æ–™ç†/ãƒ‘ãƒ³ã‚±ãƒ¼ã‚­ #13 | Yuka&#39;s tiny kitchen,https://www.youtube.com/watch?v=ecvkir4VLMg,Yuka's tiny kitchen,https://www.youtube.com/channel/UCFiQ6MAuFd-YvAWCp5n4ewg,0:04:56,2018-11-16T09:33:31Z
ã€ãƒ¢ãƒ‹ã‚¿ãƒªãƒ³ã‚°ã€‘æ¯è¦ªãŒä½œã£ã¦ãã‚ŒãŸæ–™ç†ã‚’æ¨ã¦ã¦ã—ã¾ã„å–§å˜©å‹ƒç™º,https://www.youtube.com/watch?v=VoJ497Szc70,MANARUTAIãƒãƒŠãƒ«éšŠ,https://www.youtube.com/channel/UC4gtGRAiS5msZfhEhdZO6hw,0:05:26,2020-04-26T11:37:02Z
4ç¨®æ™‚é«¦çš„è›‹æ–™ç†,https://www.youtube.com/watch?v=fcQHg0vwrVo,æœ‰å£ç¦,https://www.youtube.com/channel/UC7laRQIkWpClL204EL0UF3A,0:05:14,2019-07-25T10:00:05Z
æ–™ç†ç ”ç©¶å®¶ãŒæœ¬æ°—ã§ä½œã‚‹ã€Œè‡³é«˜ã®ç‚’é£¯ã€,https://www.youtube.com/watch?v=EmCPHumbMvo,æ–™ç†ç ”ç©¶å®¶ãƒªãƒ¥ã‚¦ã‚¸ã®ãƒã‚ºãƒ¬ã‚·ãƒ”,https://www.youtube.com/channel/UCW01sMEVYQdhcvkrhbxdBpw,0:13:30,2020-02-19T13:00:03Z
æ–™ç†ç ”ç©¶å®¶ãŒè¾¿ã‚Šç€ã„ãŸæœ€é«˜ã®ä¸€çš¿ã€è‡³é«˜ã®ãƒšãƒšãƒ­ãƒ³ãƒãƒ¼ãƒã€‘,https://www.youtube.com/watch?v=Jx-tqntWPCM,æ–™ç†ç ”ç©¶å®¶ãƒªãƒ¥ã‚¦ã‚¸ã®ãƒã‚ºãƒ¬ã‚·ãƒ”,https://www.youtube.com/channel/UCW01sMEVYQdhcvkrhbxdBpw,0:10:17,2020-05-01T11:58:12Z
ã€èŒ„å­ã€‘ã€€å®‰ãã¦ç°¡å˜ï¼ã”é£¯ã«åˆã†èŒ„å­æ–™ç†ã‚’3å“ä½œã‚‹ï¼ã€€ã€ãƒªã‚¯ã‚¨ã‚¹ãƒˆã€‘ä¸€äººæš®ã‚‰ã—ã‚’å¿œæ´ã—ã¾ã™ï¼,https://www.youtube.com/watch?v=-j0r6r7UCLs,ã”ã¯ã‚“ã¯å¤§ç››ã‚Šã§ã‚ˆã‚ã™ï¼,https://www.youtube.com/channel/UCFat2Ihn5mA2ZvFuroyOGwg,0:15:16,2016-10-02T21:58:18Z
ã€ã©ã£ã¡ãŒç¾å‘³ã„?ã€‘è¶…å¤§ãã„ã‚­ãƒƒãƒãƒ³vsè¶…å°ã•ã„ã‚­ãƒƒãƒãƒ³!!æ–™ç†å¯¾æ±ºï¼ï¼,https://www.youtube.com/watch?v=H9maK6iPqFc,ãã‚‡ã‚“ãã¾,https://www.youtube.com/channel/UCFKSFhVMtIu7akVuxPtXtQw,0:12:13,2019-08-17T11:23:06Z
ã€Syamu_Gameã€‘æ–™ç†ç³»ãƒ»æ—©é£Ÿã„ç³»ã¾ã¨ã‚ã€å®‰çœ ç”¨ç„¡è·ã€‘,https://www.youtube.com/watch?v=sxb0ngHWfpA,xhryohx,https://www.youtube.com/channel/UCimLggXKvca_xBKtpwBD7sw,3:20:33,2018-10-21T23:00:03Z
ã€æ–™ç†ã€‘ã‚‚ã¦ãªã—MAXã›ã„ã‚„ãƒ©ãƒ¼ãƒ¡ãƒ³ã¯ã†ã¾ã„ã®ã‹?ã€éœœé™ã‚Šæ˜æ˜Ÿã€‘3/30,https://www.youtube.com/watch?v=iTS4OuxJqQQ,ã—ã‚‚ãµã‚Šãƒãƒ¥ãƒ¼ãƒ–,https://www.youtube.com/channel/UCpGpA7mSYmNJjLiJxKso5QA,0:07:52,2019-12-03T09:00:08Z
ãŠãƒ‡ãƒ–ã«1ä¸‡å††æ¸¡ã—ã¦ãƒ•ãƒ«ã‚³ãƒ¼ã‚¹æ–™ç†ä½œã£ã¦ã‚‚ã‚‰ã£ãŸã‚‰ãƒ¤ãƒã™ããŸâ€¦ã€ã‚­ãƒƒãƒˆãˆã‚“ã˜ã‡ã‚‹ã€‘,https://www.youtube.com/watch?v=SlAT-PfSRnA,ã‚­ãƒƒãƒˆãƒãƒ£ãƒ³ãƒãƒ«,https://www.youtube.com/channel/UCyWRXFYbDydMdzcBX2G8xNg,0:14:55,2019-04-09T11:15:01Z
ï¼‘æ—¥ãŸã£ãŸï¼”åˆ†é–“ã®é‹å‹•ã¨ã“ã®æ–™ç†ã‚’é£Ÿã¹ã‚‹äº‹ã§åŠ‡çš„ã«è„‚è‚ªãŒè½ã¡ã¾ã—ãŸï¼,https://www.youtube.com/watch?v=SPbNrTuiVCQ,ã·ã‚ãŸã‚“æ—¥è¨˜,https://www.youtube.com/channel/UCl4e200EZm7NXq_iaYSXfeg,0:14:17,2019-11-19T10:02:20Z
ç”¨é›»é‹ç…®å¥½èœï¼è­šæ•¦æ…ˆå°ˆå®¶çš„ã€Œç„¡æ²¹æ–™ç†ã€ä¸€é‹æå®š å¥åº·å…©é»éˆ(å®Œæ•´ç‰ˆ),https://www.youtube.com/watch?v=RSDh2GmM-4o,å¥åº·2.0,https://www.youtube.com/channel/UCAqzHNzLTC6Vm5UYE7xw_2A,0:48:38,2017-10-25T12:00:03Z
ã€Šã‚¿ã‚¤ãƒ©ã‚®è²ã®ã€€è²æŸ±ã®åˆºèº«ã€‹ãƒ»ãƒ»ãƒ»ãƒ»å¤§å’Œã®ã€€å’Œã®æ–™ç†ã€Šåˆºèº«ï¼ˆãƒªãƒãƒ“ãƒªç·¨ï¼‰ã€‹,https://www.youtube.com/watch?v=ze6JO9IAYRg,Nara hirokazu,https://www.youtube.com/channel/UCECixyx2dmZyN-9ag7PAjgQ,0:08:43,2019-10-18T13:38:21Z
ã€éŸ³æ¨‚æˆç¸¾ä¸å¥½æ€’åˆ‡æ¨‚å™¨ï¼3060ç…§ç‰‡åšæ–™ç†ç¶²çœ‹å‚»ã€‘,https://www.youtube.com/watch?v=CS3abD-Ey3c,å°ç£é”äººç§€,https://www.youtube.com/channel/UCIECJyQ6meDyN-UnVHgXAMA,0:03:30,2020-01-08T14:00:05Z
ã€ã‚¢ãƒŠã¨é›ªã®å¥³ç‹ã€‘ã‚¨ãƒ«ã‚µãŒãŠç†±ï¼ã‚¢ãƒŠã®æ–™ç†ã§å…ƒæ°—ã«â™©ãƒªã‚«ã¡ã‚ƒã‚“ã®é­šé‡£ã‚Šã§è¶…ãƒªã‚¢ãƒ«ãªãƒŸãƒ‹ãƒãƒ¥ã‚¢æ–™ç†ã®ãƒªãƒ¼ãƒ¡ãƒ³ãƒˆã‚’ã‚²ãƒƒãƒˆã—ã‚ˆã†ï¼ Disney animation frozen  ãŸã¾ã”Mammy,https://www.youtube.com/watch?v=UWwkB6e4ouU,MammyãŸã¾ã”,https://www.youtube.com/channel/UC1l4SD4Ira5wjwmCGfMnCZQ,0:07:37,2019-11-23T07:30:01Z
ã€KALDIçˆ†è²·ã„ã€‘å¤šå›½ç±æ–™ç†ã«æŒ‘æˆ¦ï¼,https://www.youtube.com/watch?v=mIJMavl72rQ,ã‚«ã‚¸ã‚µãƒƒã‚¯ KAJISAC,https://www.youtube.com/channel/UC642pLj4GXSj-0Ybdx3ytmA,0:25:31,2019-11-08T09:00:18Z
ã¡ã£ã¡ã‚ƒğŸ˜†ãƒãƒƒã‚¯ï¼†ãƒ‰ãƒŸãƒã‚’å†ç¾ã‚¯ãƒƒã‚­ãƒ³ã‚°ğŸ˜‹ ãƒŸãƒ‹ã ã‘ã©ã­ï½ğŸ˜‰ ãƒŸãƒ‹ãƒãƒ¥ã‚¢ æ–™ç† å¯¾æ±ºğŸ’¥ ã©ã£ã¡ãŒãŸã¹ãŸã„ï¼Ÿ,https://www.youtube.com/watch?v=BK-IgcMefXk,KahoSei Channel from Canada,https://www.youtube.com/channel/UCqmrtFyHzNwmkSdnd-GPCiQ,0:17:58,2019-01-25T06:12:10Z
éå¹´åƒå¥½èœè¨å‰åˆ©ï¼14é“ç²¾é¸å¹´èœæ–™ç†ï¼ç„¦å¿—æ–¹ æ—ç¾ç§€ï½œæ–™ç†ï½œé£Ÿè­œï½œDIYï½œä¸€éƒ¨æ›²,https://www.youtube.com/watch?v=m26sf1pJEuA,å¤ªå¤ªç‹ çŠ€åˆ©,https://www.youtube.com/channel/UCqlH_qfn4ianmVdtyr03mDA,2:27:19,2019-01-26T11:30:01Z
MEGWINãƒã‚«ã ã‹ã‚‰ã¡ã‚ƒã‚“ã¨æ–™ç†ã—ãŸã‚‰ç¾å‘³ã—ããªã„ç‰©ã§ã‚‚ä½•ã§ã‚‚é£Ÿã¹ã¡ã‚ƒã†èª¬,https://www.youtube.com/watch?v=NLElDp8CdWU,MEGWIN,https://www.youtube.com/channel/UCp_RW49IudjKEw_yal7tfFw,0:06:37,2017-12-10T10:30:01Z
ã€å¤§é£Ÿã„ã€‘å®¶åº­æ–™ç†ã®å¸ç‹ã€è±šã®ç”Ÿå§œç„¼ãã€ã‚’å·¨å¤§åŒ–ã€‚ï½æ¿€æ¿ƒåšã‚¿ãƒ¬ã§ï½,https://www.youtube.com/watch?v=G39JmtacDNg,/è°·ã‚„ã‚“è°·å´é·¹äºº,https://www.youtube.com/channel/UC1-4AnMxkLXLNL3-7UJ4KTQ,0:22:58,2019-12-01T10:43:43Z
ã€æ–™ç†ã€‘å ¤ä¸‹ã•ã‚“ã®å®Ÿå®¶ã§ã€ã€å¤§å¤‰ãªäº‹ãŒèµ·ãã¦ã—ã¾ã„ã¾ã—ãŸ,https://www.youtube.com/watch?v=tG2zKm284R0,ã‚«ã‚¸ã‚µãƒƒã‚¯ KAJISAC,https://www.youtube.com/channel/UC642pLj4GXSj-0Ybdx3ytmA,0:20:15,2019-03-18T09:00:10Z
ã€å¤§é£Ÿã„ã€‘è±ªè¯ãƒ¡ãƒ³ãƒãƒ¼ã§é«˜ç´šè‚‰ã‚’ã„ã‚ã‚“ãªæ–™ç†ã§é£Ÿã¹ãã‚‹ã¾ã§çµ‚ã‚ã‚Œã¾ã›ã‚“ï¼,https://www.youtube.com/watch?v=meLku0ZRIKs,æ°´æºœã‚Šãƒœãƒ³ãƒ‰,https://www.youtube.com/channel/UCpOjLndjOqMoffA-fr8cbKA,0:17:14,2019-12-16T11:00:16Z
ã‚¢ãƒ³ãƒ‘ãƒ³ãƒãƒ³å·ã®ã‚­ãƒƒãƒãƒ³ã§ãŠæ–™ç†â™ªãƒ•ã‚§ã‚¤ã‚¹ãƒ©ãƒ³ãƒçš¿ã«ã‚¹ãƒ©ã‚¤ãƒ ã‚«ãƒ¬ãƒ¼ã¨ç²˜åœŸã§é‡èœã‚’ä½œã‚ã†ï¼è‰²ãŒå¤‰ã‚ã‚‹ãŠã¾ã¾ã”ã¨ã®ãŠã‚‚ã¡ã‚ƒã§ãŠå­æ§˜ãƒ©ãƒ³ãƒã‚’ã‚¯ãƒƒã‚­ãƒ³ã‚°â¤ï¸,https://www.youtube.com/watch?v=pKyorc3SQjQ,MammyãŸã¾ã”,https://www.youtube.com/channel/UC1l4SD4Ira5wjwmCGfMnCZQ,0:10:01,2019-11-29T08:00:08Z
Simple Minced Pork Rice that is Awesome l å°åƒæ–™ç† æ»·è‚‰é£¯,https://www.youtube.com/watch?v=QWvuzhrsc8I,Taste Show,https://www.youtube.com/channel/UCkRBu0K655809AdvDajyJJA,0:03:38,2019-09-21T10:00:08Z
æ—¥æœ¬æ–™ç† é¾åŸ æ¾è‘‰èŸ¹å­¦ä¼šç™ºè¡¨,https://www.youtube.com/watch?v=j48nBCad7i0,TOKYOGASTRONOMY,https://www.youtube.com/channel/UCvUO2ZIlGCjwa1BnOQMovfw,0:52:36,2016-09-05T07:28:17Z
äº¬æ–™ç†äººãŒå·»ãå‡ºæ±å·»ç‰å­ï¼ˆ6å€‹å·»ï¼‰ï¼ˆå·»ãå´ã‹ã‚‰ï¼‰,https://www.youtube.com/watch?v=r_issO6aWwo,ãƒã‚¯ãƒ­ç¾é¢¨,https://www.youtube.com/channel/UCLdAcbnfRkEF_rVJgFoOzeA,0:07:33,2018-09-26T10:42:34Z
ã€å¤§é£Ÿã„ã€‘æ¿ƒåšéãã¦ãŠä¸‹å“ãªç…®è¾¼ã¿æ–™ç†ã€œé…’é€²ã¿ã™ãæ³¨æ„å ±ã€œ,https://www.youtube.com/watch?v=7v0DOxFBA-g,/è°·ã‚„ã‚“è°·å´é·¹äºº,https://www.youtube.com/channel/UC1-4AnMxkLXLNL3-7UJ4KTQ,0:29:24,2020-02-15T11:36:36Z
æ–™ç†ã¯ç›®åˆ†é‡ï¼ã€€ã¯ãƒ¼ã¡ã‚ƒã‚“ã‚¯ãƒƒã‚­ãƒ³ã‚° ï½è‚‰ã˜ã‚ƒãŒç·¨ï½ ã€#stayhomeã€‘,https://www.youtube.com/watch?v=aHpM869wo_w,å·å£æ˜¥å¥ˆã‚ªãƒ•ã‚£ã‚·ãƒ£ãƒ« ã¯ãƒ¼ã¡ã‚ƒã‚“ã­ã‚‹,https://www.youtube.com/channel/UCHi5HD9w9B-gI6Lbx43Rs7A,0:12:49,2020-04-26T12:00:00Z
ä¸­å›½ã«ãªã„ä¸­è¯æ–™ç†ï¼ï¼Ÿã€ãƒ“ãƒƒã‚¯ãƒªæ—¥æœ¬ã€‘,https://www.youtube.com/watch?v=1ppeg4X7Zcs,æƒŠå¥‡æ—¥æœ¬ ã€ãƒ“ãƒƒã‚¯ãƒªæ—¥æœ¬ã€‘,https://www.youtube.com/channel/UCzqlJ8YEDtFJNRc-b1lzeTg,0:05:26,2012-02-24T02:22:53Z
ãƒ¡ãƒ«ã¡ã‚ƒã‚“ ãŠã¾ã¾ã”ã¨ æµ·é®®ã‚ã¿ç„¼ã ç„¼ãé­šã‚»ãƒƒãƒˆ ãŠæ–™ç† / Mell-chan Doll Grilled Shrimp Cooking Toy Playset,https://www.youtube.com/watch?v=ehf8FpJ2xrQ,70cleam,https://www.youtube.com/channel/UC17_aMbsbwtzpa4-SUlDEOw,0:13:42,2019-09-14T08:00:07Z
å¤§æµè¡Œã—ãŸéŸ“å›½æ–™ç†ã‚’å…¨éƒ¨ã€ç‚Šé£¯å™¨ã«å…¥ã‚Œã¦ã”é£¯ç‚Šã„ã¦ã¿ãŸã‚‰å‡„ã™ãã‚‹www,https://www.youtube.com/watch?v=Csttq9lpA7Y,ãƒ´ã‚¡ãƒ³ã‚†ã‚“ãƒãƒ£ãƒ³ãƒãƒ«ã€VAMYUNã€‘,https://www.youtube.com/channel/UCftut9Z6S48igRNSQRDpCCg,0:10:04,2019-09-28T11:30:25Z
æ–™ç†ç ”ç©¶å®¶ãŒæœ¬æ°—ã§ä½œã‚‹ã€Œè‡³é«˜ã®ãƒãƒ³ãƒãƒ¼ã‚°ã€,https://www.youtube.com/watch?v=qgL4wLgADUI,æ–™ç†ç ”ç©¶å®¶ãƒªãƒ¥ã‚¦ã‚¸ã®ãƒã‚ºãƒ¬ã‚·ãƒ”,https://www.youtube.com/channel/UCW01sMEVYQdhcvkrhbxdBpw,0:14:25,2020-04-06T12:08:58Z
æ—¥æœ¬æ–™ç† é¾åŸ é¾é±—2012,https://www.youtube.com/watch?v=3l7znNHJhsE,TOKYOGASTRONOMY,https://www.youtube.com/channel/UCvUO2ZIlGCjwa1BnOQMovfw,0:17:13,2012-04-10T14:37:16Z
ã€é¶èƒ¸è‚‰ã®ç°¡å˜ãƒ¬ã‚·ãƒ”4å“ã€‘ã—ã£ã¨ã‚ŠæŸ”ã‚‰ã‹ãŠã„ã—ã„æ–™ç†ã§2.4ã‚­ãƒ­å¤§é‡æ¶ˆè²»ï¼ã€ã‚³ã‚¹ãƒˆã‚³ã€‘,https://www.youtube.com/watch?v=Ojnuh9WV1kA,ã¯ã‚‹ã‚ã‚“,https://www.youtube.com/channel/UCiMq2YMvF47o7K4FIZxkjFw,0:17:29,2019-12-06T09:30:00Z
ã€æ–™ç†ã€‘ãŠã‚‚ã¦ãªã—å’Œé£Ÿã”é£¯ä½œã‚Šï¼ã€è´…æ²¢ãƒ¬ã‚·ãƒ”ã§ï¼–å“ã€‘,https://www.youtube.com/watch?v=n7HbQU8n3VM,ã¯ã‚‹ã‚ã‚“,https://www.youtube.com/channel/UCiMq2YMvF47o7K4FIZxkjFw,0:05:05,2018-04-21T10:00:44Z
ãƒœãƒ­ãƒãƒ¼ã‚¼ã€ã‚¤ã‚¿ãƒªã‚¢æ–™ç†åº—ã®æ˜¼ãƒ«ãƒ¼ãƒ†ã‚£ãƒ³ã€‘ä»•è¾¼ã¿é¢¨æ™¯,https://www.youtube.com/watch?v=pl0n-bEos4U,Chef Ropia,https://www.youtube.com/channel/UCTNUzGFfCdUldW6SL_3fAVA,0:14:53,2019-12-27T13:00:20Z
åˆ©ç”¨ä¸€æ¬¾æ–™ç†è®ŠåŒ–å‡º å…­å€‹ç¾å‘³ä¾¿ç•¶ï¼ï¼ä¸€é€±ä¾¿ç•¶ä¸€æ¬¡å®Œæˆï¼How to prepare three different lunchboxes for a week. [Eng Sub],https://www.youtube.com/watch?v=HqkEIZDHBa8,Rosalina's Kitchen è˜¿æ½”å¡”çš„å»šæˆ¿,https://www.youtube.com/channel/UCcb9uxCoIgw7RQjQnlgd0Xw,0:07:26,2018-11-14T12:00:01Z
ã€æ°´æ°´å“¦åŒ—moveã€‘å—æ´‹æ–™ç†TOP5ï¼ç¶²å‹ç¥¨é¸å°åŒ—æ–°åŒ—å—æ´‹ç¾é£Ÿï¼(ft.ç¸½çµ±è”¡è‹±æ–‡),https://www.youtube.com/watch?v=ZvJtouliGEE,åƒåƒé€²é£Ÿä¸­,https://www.youtube.com/channel/UC9i2Qgd5lizhVgJrdnxunKw,0:00:39,2019-10-11T14:17:28Z
é¦™ç…æ»‘å«©è¦ªå­ä¸¼åšæ³•/ oyako donã€ŠMASAã®æ–™ç†ABCã€‹,https://www.youtube.com/watch?v=EiCNYPBZ6As,MASAã®æ–™ç†ABC,https://www.youtube.com/channel/UCr90FXGOO8nAE9B6FAUeTNA,0:05:56,2016-12-15T12:55:46Z
å¡©æ¢… æ–™ç†æ•™å®¤ï¼ˆãã‚…ã†ã‚Šã®ã‚­ãƒ¥ãƒ¼ã¡ã‚ƒã‚“æ¼¬ã‘æ”¹ã‚ï½ãƒˆã‚·ã¡ã‚ƒã‚“æ¼¬ã‘ï½ï¼‰ç·¨,https://www.youtube.com/watch?v=YgQrwnI4-vI,ç·¨é›†é•·ã€€æ±Ÿç•‘æ”¿æ˜ é•·æµœWATCH,https://www.youtube.com/channel/UC8LHPbynNgSHst-6yXSTUCA,0:13:18,2018-04-23T05:03:30Z
æ´‹é£Ÿå±‹é¢¨é¦¬éˆ´è–¯æ²™æ‹‰åšæ³•/ potato saladã€ŠMASAã®æ–™ç†ABCã€‹,https://www.youtube.com/watch?v=orD3xAS4h-k,MASAã®æ–™ç†ABC,https://www.youtube.com/channel/UCr90FXGOO8nAE9B6FAUeTNA,0:05:43,2017-06-28T13:11:05Z
ç´ é£Ÿå®¶å¸¸èœæ–™ç†â”‚æ—©é¤åˆ¥å†åƒé¥…é ­äº†ï¼Œ1å¡Šè±†è…3é¡†ç•ªèŒ„ï¼Œå¥½åƒåˆ°ä¸€ä¸Šæ¡Œç¬é–“ç§’æ®ºï¼Œåƒå…‰å…‰â”‚Vegan Recipe â”‚EP127,https://www.youtube.com/watch?v=Ja5F7TVMbr4,Qistin Wong TV,https://www.youtube.com/channel/UC6avGgjCi3WqdT22pFKktuA,0:06:14,2019-11-22T13:00:13Z
Superé¬†è»Ÿï¼èˆ’èŠ™è•¾é¬†é¤…/SoufflÃ© pan cake |MASAã®æ–™ç†ABC,https://www.youtube.com/watch?v=peHZdIaeLUs,MASAã®æ–™ç†ABC,https://www.youtube.com/channel/UCr90FXGOO8nAE9B6FAUeTNA,0:09:54,2018-06-05T10:00:04Z
ã€å¤ä»£æ–™ç†ã€‘ç´„1300å¹´ã¶ã‚Šã«æµè¡Œï¼Ÿå™‚ã®å¤ä»£ãƒãƒ¼ã‚ºã€Œè˜‡ã€ã‚’ä½œã£ã¦ã¿ãŸï¼ï¼,https://www.youtube.com/watch?v=ZPBmaHcwAxw,Fischer's-ã‚»ã‚«ãƒ³ãƒ€ãƒª-,https://www.youtube.com/channel/UCs4KWxdP-lRc-dgLXE5i8Wg,0:42:33,2020-03-08T13:25:38Z
ç´ é£Ÿå®¶å¸¸èœæ–™ç†â”‚å—ç“œé€™æ¨£åšå¤ªå¥½åƒäº†ï¼ŒåŠ ä¸€æ¢åœ°ç“œï¼Œè®“ä½ æš–å¿ƒåˆæš–èƒƒï¼Œä¸Šæ¡Œé¦¬ä¸Šåƒå…‰å…‰â”‚Vegan Recipe â”‚EP142,https://www.youtube.com/watch?v=fo6_Xavvlew,Qistin Wong TV,https://www.youtube.com/channel/UC6avGgjCi3WqdT22pFKktuA,0:09:15,2019-12-23T11:30:14Z
ã€å®Ÿæ³ã€‘ç©¶æ¥µã®æ–™ç†äººã‚’ç›®æŒ‡ã›ï¼ã€OverCooked2ã€‘,https://www.youtube.com/watch?v=uptHpH0m8Uc,èŠ±æ±Ÿå¤æ¨¹,https://www.youtube.com/channel/UC3C3YOGFjn7Pq3lOCeUFHfg,0:16:07,2019-05-15T10:00:18Z
6äººã§ã—ã‚Šã¨ã‚Šã§ãƒªãƒ¬ãƒ¼æ–™ç†ã—ãŸã‚‰ä½•ãŒå‡ºæ¥ã‚‹ï¼ï¼Ÿã€ãŠã‚‹æºœã‚Šãƒ”ãƒ¼ã‚¹ã€‘,https://www.youtube.com/watch?v=qPUA0sgkq9A,ãŠã‚‹ãŸãªChannel,https://www.youtube.com/channel/UCT0x6RQTeoZByaYt_k1Ranw,0:19:12,2020-03-29T11:00:18Z
ã€Œã‚«ãƒ„ã‚«ãƒ¬ãƒ¼ã®ä½œã‚Šæ–¹ã€‚ã€ã€œã‚µã‚¯ãƒƒã¨ã‚¸ãƒ¥ãƒ¼ã‚·ãƒ¼ï¼çµ¶å“â™¡ã€œã€å¸‚è²©ãƒ«ãƒ¼ã€‘ã€ã‚«ãƒ¬ãƒ¼ãƒ©ã‚¤ã‚¹ã€‘ã€æ–™ç†ãƒ¬ã‚·ãƒ”ã¯Party KitchenğŸ‰ã€‘,https://www.youtube.com/watch?v=aArbHVjiDu0,Party Kitchen - ãƒ‘ãƒ¼ãƒ†ã‚£ãƒ¼ã‚­ãƒƒãƒãƒ³,https://www.youtube.com/channel/UCmpuIDDF9WL_w-MXYyZRzFg,0:13:11,2020-03-18T10:00:01Z
æ²¹ã«ã‚¿ã‚³ã‚’ä¸¸ã”ã¨ã¶ã¡è¾¼ã‚€æ–™ç†,https://www.youtube.com/watch?v=l1YWkvaklc0,å¤§å³¶è»,https://www.youtube.com/channel/UCGYmowgUArJe3x7T3sQ4kmw,0:12:47,2020-03-17T09:53:06Z
ã€æ–™ç†ãƒ‰ãƒ©ãƒã€‘ã€ã²ã¨ã‚Šã”ã¨ã‚¨ãƒ—ãƒ­ãƒ³ã€ç¬¬3è©±ï¼šä¼‘æ—¥ã®æœã”ã¯ã‚“ã€‚ã ã—ã‚’å–ã‚‰ãªã„ã€è±†ä¹³ãŠå‘³å™Œæ±ã€€ãƒ‘ãƒ³/ã‚³ãƒ¼ãƒ’ãƒ¼/ãƒ¬ã‚·ãƒ”/éŸ³æ¥½,https://www.youtube.com/watch?v=bsKFvCu22Ko,åŒ—æ¬§ã€æš®ã‚‰ã—ã®é“å…·åº—,https://www.youtube.com/channel/UCb-cMiVs0yGmi2IPmowLC5Q,0:08:50,2020-01-14T11:45:00Z
ã€æ–™ç†ãƒ‰ãƒ©ãƒã€‘ã€ã²ã¨ã‚Šã”ã¨ã‚¨ãƒ—ãƒ­ãƒ³ã€ç¬¬1è©±ï¼šä¸€äººæš®ã‚‰ã—ã®ã‚­ãƒƒãƒãƒ³ã§ã¤ãã‚‹ã€ç°¡å˜ã˜ã‚ƒãŒã„ã‚‚ã‚°ãƒ©ã‚¿ãƒ³ã€€2019ã‚¯ãƒªã‚¹ãƒã‚¹ã‚¤ãƒ–å…¬é–‹/ãƒ¬ã‚·ãƒ”/éŸ³æ¥½,https://www.youtube.com/watch?v=mJeRHRoOuI8,åŒ—æ¬§ã€æš®ã‚‰ã—ã®é“å…·åº—,https://www.youtube.com/channel/UCb-cMiVs0yGmi2IPmowLC5Q,0:07:22,2019-12-24T11:46:06Z
å…ç–«åŠ›ã‚¢ãƒƒãƒ—æ–™ç†Ã—å¤§é£Ÿã„ï¼ç„¡æ•µèª¬ï½ãˆï¼Ÿé€†ã«èº«ä½“ã«æ‚ªã„ï¼Ÿï½,https://www.youtube.com/watch?v=3LUQnCbNmMM,/è°·ã‚„ã‚“è°·å´é·¹äºº,https://www.youtube.com/channel/UC1-4AnMxkLXLNL3-7UJ4KTQ,0:36:52,2020-05-08T13:09:26Z
ã€æ–™ç†ã€‘ã‚¯ãƒƒã‚­ãƒ¼ã‚’ä½œã£ãŸã‚‰çŸ³ç‚­ã§ããŸ,https://www.youtube.com/watch?v=9PlWpsJsGxs,Pä¸¸æ§˜ã€‚,https://www.youtube.com/channel/UCLqCmbd6bgcLaBVz3aA-68A,0:01:15,2020-02-17T09:00:02Z
é«˜éº—èœé£¯  å†åˆ†äº«ä¸€é“é›»é‹é£¯æ–™ç† æœŸå¾…å­©å­å€‘å›ä¾†ï¼ŒæŠŠé€™ä¸€é‹åƒå…‰å…‰,https://www.youtube.com/watch?v=2Lm0VNp0RVE,æ–‘æ„›é¦¬åª½ BEMMa,https://www.youtube.com/channel/UCXynxijLGOGgAgk9J1epMLw,0:10:54,2019-12-10T13:30:00Z
æ–°å¤§ä¹…ä¿ã®éŸ“å›½æ–™ç†å±‹ã§1ä¸‡å††ä½¿ã„åˆ‡ã‚‹ã¾ã§å¸°ã‚Œã¾ã›ã‚“ã€å…„å¼Ÿå¤§é£Ÿã„ã€‘,https://www.youtube.com/watch?v=nLYxyv-30js,ãƒ’ã‚«ãƒ«ï¼ˆHikaruï¼‰,https://www.youtube.com/channel/UCaminwG9MTO4sLYeC3s6udA,0:41:32,2019-09-10T10:34:53Z
å·¨åŒ ã€€æ—¥é«™ã‚·ã‚§ãƒ•ã€ãƒœãƒ³ã‚´ãƒ¬ãƒ“ã‚¢ãƒ³ã‚³ã€‘ã‚¤ã‚¿ãƒªã‚¢æ–™ç†ç•Œã®ãƒ¬ã‚¸ã‚§ãƒ³ãƒ‰,https://www.youtube.com/watch?v=L_URkLMjvMc,Chef Ropia,https://www.youtube.com/channel/UCTNUzGFfCdUldW6SL_3fAVA,0:16:49,2020-04-04T13:00:17Z
ã€æ¤œè¨¼ã€‘ã‚³ãƒ³ãƒ“ãƒ‹å¼å½“ã®ä¸­ã«æ‰‹ä½œã‚Šæ–™ç†ãŒå…¥ã£ã¦ãŸã‚‰æ°—ä»˜ãã®ã‹ï¼ï¼ï¼ï¼ï¼,https://www.youtube.com/watch?v=Ytqrsouzfy0,ã‚¹ã‚«ã‚¤ãƒ”ãƒ¼ã‚¹ã®å¹³å’Œå³¶,https://www.youtube.com/channel/UCn_cpHcrXjG_XnH9N3fO6qA,0:18:19,2020-06-06T11:00:24Z
é…”ã£æ‰•ã£ã¦éŸ“å›½æ–™ç†ã‚’ãƒ¢ãƒƒãƒ‘ãƒ³ã—ã¦ã¿ãŸã‚‰ã‚«ã‚ªã‚¹ã™ããŸwww,https://www.youtube.com/watch?v=BpvEsXMEH2c,ãƒ‘ãƒ‘ãƒ©ãƒ”ãƒ¼ã‚º,https://www.youtube.com/channel/UCwN4CR-bDM9ZjvPhb44AfxQ,0:00:10,2020-02-19T10:11:49Z
6äººã§ã—ã‚Šã¨ã‚Šã§ãƒªãƒ¬ãƒ¼æ–™ç†ã—ãŸã‚‰ä½•ãŒå‡ºæ¥ã‚‹ï¼ï¼Ÿã€ãŠã‚‹æºœã‚Šãƒ”ãƒ¼ã‚¹ã€‘,https://www.youtube.com/watch?v=qPUA0sgkq9A,ãŠã‚‹ãŸãªChannel,https://www.youtube.com/channel/UCT0x6RQTeoZByaYt_k1Ranw,0:19:12,2020-03-29T11:00:18Z
ã€Œã‚«ãƒ„ã‚«ãƒ¬ãƒ¼ã®ä½œã‚Šæ–¹ã€‚ã€ã€œã‚µã‚¯ãƒƒã¨ã‚¸ãƒ¥ãƒ¼ã‚·ãƒ¼ï¼çµ¶å“â™¡ã€œã€å¸‚è²©ãƒ«ãƒ¼ã€‘ã€ã‚«ãƒ¬ãƒ¼ãƒ©ã‚¤ã‚¹ã€‘ã€æ–™ç†ãƒ¬ã‚·ãƒ”ã¯Party KitchenğŸ‰ã€‘,https://www.youtube.com/watch?v=aArbHVjiDu0,Party Kitchen - ãƒ‘ãƒ¼ãƒ†ã‚£ãƒ¼ã‚­ãƒƒãƒãƒ³,https://www.youtube.com/channel/UCmpuIDDF9WL_w-MXYyZRzFg,0:13:11,2020-03-18T10:00:01Z
æ²¹ã«ã‚¿ã‚³ã‚’ä¸¸ã”ã¨ã¶ã¡è¾¼ã‚€æ–™ç†,https://www.youtube.com/watch?v=l1YWkvaklc0,å¤§å³¶è»,https://www.youtube.com/channel/UCGYmowgUArJe3x7T3sQ4kmw,0:12:47,2020-03-17T09:53:06Z
ã€æ–™ç†ãƒ‰ãƒ©ãƒã€‘ã€ã²ã¨ã‚Šã”ã¨ã‚¨ãƒ—ãƒ­ãƒ³ã€ç¬¬3è©±ï¼šä¼‘æ—¥ã®æœã”ã¯ã‚“ã€‚ã ã—ã‚’å–ã‚‰ãªã„ã€è±†ä¹³ãŠå‘³å™Œæ±ã€€ãƒ‘ãƒ³/ã‚³ãƒ¼ãƒ’ãƒ¼/ãƒ¬ã‚·ãƒ”/éŸ³æ¥½,https://www.youtube.com/watch?v=bsKFvCu22Ko,åŒ—æ¬§ã€æš®ã‚‰ã—ã®é“å…·åº—,https://www.youtube.com/channel/UCb-cMiVs0yGmi2IPmowLC5Q,0:08:50,2020-01-14T11:45:00Z
ã€ç”·ã®æ–™ç†ã€‘ä¸¸ã”ã¨ãƒ­ãƒ¼ãƒ«ã‚­ãƒ£ãƒ™ãƒ„ã‚’ä½œã£ã¦ã¿ãŸ,https://www.youtube.com/watch?v=PmP5Kbfof6g,ãŸãã®ã‚“ã¡ã‚ƒã‚“ãƒãƒ«,https://www.youtube.com/channel/UCtLnF6qOCyi4lG76aOooNHg,0:13:22,2020-02-12T10:00:05Z
ã€æ–™ç†ãƒ‰ãƒ©ãƒã€‘ã€ã²ã¨ã‚Šã”ã¨ã‚¨ãƒ—ãƒ­ãƒ³ã€ç¬¬1è©±ï¼šä¸€äººæš®ã‚‰ã—ã®ã‚­ãƒƒãƒãƒ³ã§ã¤ãã‚‹ã€ç°¡å˜ã˜ã‚ƒãŒã„ã‚‚ã‚°ãƒ©ã‚¿ãƒ³ã€€2019ã‚¯ãƒªã‚¹ãƒã‚¹ã‚¤ãƒ–å…¬é–‹/ãƒ¬ã‚·ãƒ”/éŸ³æ¥½,https://www.youtube.com/watch?v=mJeRHRoOuI8,åŒ—æ¬§ã€æš®ã‚‰ã—ã®é“å…·åº—,https://www.youtube.com/channel/UCb-cMiVs0yGmi2IPmowLC5Q,0:07:22,2019-12-24T11:46:06Z
éµæ¿ç‡’ç„¡èœå–®æ–™ç†ï¼ç«Ÿç„¶æœ‰æ–°é®®åˆ°é‚„åœ¨å‹•çš„é¾è¦ï¼Ÿæ‰“ç ´Toyzçš„åˆ»æ¿å°è±¡ï¼ã€ç¾é£Ÿå…¬é“ä¼¯EP2ã€‘,https://www.youtube.com/watch?v=S2SnEB-5qjo,Toyz,https://www.youtube.com/channel/UC2h6FK5xqOIqMM9MIYOdFzg,0:14:39,2019-07-28T09:30:01Z
ãƒŸãƒ‹ãƒ¼ãƒã‚¦ã‚¹ ãŠæ–™ç†ã‚»ãƒƒãƒˆ ãƒ”ã‚¯ãƒ‹ãƒƒã‚¯ãƒã‚¹ã‚±ãƒƒãƒˆ / Minnie Mouse Cooking Toys Playset,https://www.youtube.com/watch?v=qchsEHzjpn0,70cleam,https://www.youtube.com/channel/UC17_aMbsbwtzpa4-SUlDEOw,0:12:10,2020-03-14T08:00:21Z
ä¸­å·å®¶ã®å¯„å¸­ 003ã€Œä¸­å›½ã®é«˜ç´šæ–™ç†åº—ã€,https://www.youtube.com/watch?v=QTNpbv6cCyU,ä¸­å·å®¶ãƒãƒ£ãƒ³ãƒãƒ«,https://www.youtube.com/channel/UCOg6P-Ne5Hdd5tDtcOHDd-Q,0:01:24,2019-12-20T09:00:13Z
ç›®å‰åƒéæœ€å¤±æœ›çš„æ¸¯å¼é¤å»³ï¼é€™ç¨®æ–™ç†æ°´å¹³ç«Ÿç„¶èƒ½æ‹¿ç±³å…¶æ—ä¸€æ˜Ÿï¼Ÿé¿å…è§€çœ¾è¸©é›·å·²ç¶“åšå¥½è¢«å‘Šçš„æº–å‚™ï¼ã€æ‘˜æ˜Ÿè¨ˆç•«ã€‘,https://www.youtube.com/watch?v=LluH8CR6Crc,Toyz,https://www.youtube.com/channel/UC2h6FK5xqOIqMM9MIYOdFzg,0:15:28,2020-04-03T11:00:14Z
éŸ“åœ‹ç¶“å…¸æ–™ç†ï½ä¾†éŸ“åœ‹å¿…åƒå†¬ç²‰ï¼Œçœ‹å½±ç‰‡å­¸æ’‡æ­¥ï¼Japchae (Korean Stir-fried Glass Noodles)â”‚éŸ“åœ‹æ¶¼æ‹Œå†¬ç²‰â”‚ç‹æ—ç…¥ è€å¸«,https://www.youtube.com/watch?v=4PScNRbBWBE,å»šå¨˜å¥½é£Ÿå…‰,https://www.youtube.com/channel/UCfTqgT_ngy4hQ81gaijlvPg,0:17:22,2019-07-08T03:39:46Z
æœ¨æ¢¨æ†²æ­¦ã•ã‚“ã€€å¥³å­ã‚¢ãƒŠã®ä¸¼æ–™ç†ã‚’å¯©æŸ»ã™ã‚‹ã€€ä¿ºã®ã‚­ãƒƒãƒãƒ³ã‚¹ã‚¿ã‚¸ã‚¢ãƒ ã€€å¹³æˆ24å¹´4æœˆ,https://www.youtube.com/watch?v=U60yhviGjN8,å°åƒ§é¼ ,https://www.youtube.com/channel/UCVLYK3pXndo41FgnrNocGLw,0:45:49,2020-05-03T08:24:16Z
ã€ãƒŠã‚¤ãƒ•ãƒ•ãƒªãƒ¼ã€‘ã›ã„ã‚„ãƒ¬ã‚·ãƒ”èª°ã§ã‚‚ã§ãã‚‹æµ·é®®æ–™ç†ã®ã‚¦ãƒã•ãŒãƒãƒ³ãƒ‘ã˜ã‚ƒãªã„!?ã€éœœé™ã‚Šæ˜æ˜Ÿã€‘,https://www.youtube.com/watch?v=P9gUJqTJGj4,ã—ã‚‚ãµã‚Šãƒãƒ¥ãƒ¼ãƒ–,https://www.youtube.com/channel/UCpGpA7mSYmNJjLiJxKso5QA,0:10:58,2020-02-06T09:00:06Z
ç¥ç´šç¾å‘³çš„æ—¥å¼æ–™ç†åº—ï¼çµ¦å‡ºç³»åˆ—é–‹æ’­è‡³ä»Šæœ€é«˜åˆ†ï¼Ÿè¶…æµ®èª‡æµ·é®®é£Ÿæï¼‹ç„¡æ•µæ¾é˜ªè±¬ï¼ã€ç¾é£Ÿå…¬é“ä¼¯ï¼šç¬¬äºŒå­£EP3ã€‘,https://www.youtube.com/watch?v=Ul-qr20n7MU,Toyz,https://www.youtube.com/channel/UC2h6FK5xqOIqMM9MIYOdFzg,0:16:31,2019-09-15T09:30:01Z
ç´ é£Ÿæ–™ç†-é†¬ç‡’æé®‘è‡,https://www.youtube.com/watch?v=NXOJCwyenQQ,åª½åª½é–‹å¿ƒå»šæˆ¿,https://www.youtube.com/channel/UCfLYzwTJJaln6lupqilfiWA,0:09:17,2015-06-13T03:36:08Z
ãŸã¾ã”æ–™ç†,https://www.youtube.com/watch?v=OUX6ClD_UX8,ã‹ã‚‰ã‚ã‚‹,https://www.youtube.com/channel/UCpGk56cJDZcVqIxZatX7nbQ,0:00:24,2020-02-29T01:28:20Z
ã€ãµãï¼“kgã€‘å®¶æ—ã«ï¼“kgã®ãµãæ–™ç†ã‚’æŒ¯ã‚‹èˆã†,https://www.youtube.com/watch?v=9cobAzXswGw,ã‚«ã‚¸ã‚µãƒƒã‚¯ KAJISAC,https://www.youtube.com/channel/UC642pLj4GXSj-0Ybdx3ytmA,0:29:18,2020-02-12T09:00:04Z
é™³æœˆå¿ç§æˆ¿æ–™ç†ã€é«˜éˆ£é»‘èŠéº»è±†æ¼¿ã€‘- Vitamix èª¿ç†æ©Ÿ,https://www.youtube.com/watch?v=4RMtmtJ2GNg,å¤§ä¾‘Diet-U,https://www.youtube.com/channel/UCZXKzoqwj9XW4AK226EfSpw,0:05:14,2013-02-25T10:03:26Z
ãƒ¯ãƒ³ãƒ”ãƒ¼ã‚¹-æ°´æ°´è‚‰ã€RICOã€‘ã‚¢ãƒ‹ãƒ¡æ–™ç†å®Ÿå†™åŒ–EP -221,https://www.youtube.com/watch?v=3lE9r1sdjCs,RICO,https://www.youtube.com/channel/UCHV8lZJsXdW8lOFr2z8WPcg,0:05:43,2020-01-09T13:00:10Z
ã€å®Œå…¨ä¿å­˜ç‰ˆã€‘æ–™ç†ç ”ç©¶å®¶ã‚³ã‚¦ã‚±ãƒ³ãƒ†ãƒ„ãŒæ•™ãˆã‚‹å¸‚è²©ã®è¢‹éººã¨ã‚½ãƒ¼ã‚¹ã§æœ€é«˜ã«ç¾å‘³ã—ã„æ¥µä¸Šã®ç„¼ããã°ã‚’ã¤ãã‚‹3ã¤ã®ãƒã‚¤ãƒ³ãƒˆ,https://www.youtube.com/watch?v=0Aj58AKipa0,Koh Kentetsu Kitchenã€æ–™ç†ç ”ç©¶å®¶ã‚³ã‚¦ã‚±ãƒ³ãƒ†ãƒ„å…¬å¼ãƒãƒ£ãƒ³ãƒãƒ«ã€‘,https://www.youtube.com/channel/UC3p5OTQsMEnmZktWUkw_Y0A,0:11:39,2020-03-27T02:00:00Z
ä¸­å›½æ–™ç†ã®åŸºæœ¬ï½ç‚’é£¯ï½,https://www.youtube.com/watch?v=R6J3VnPeRdY,æ–°æ½Ÿèª¿ç†å¸«å°‚é–€å­¦æ ¡,https://www.youtube.com/channel/UCHEs-YD-BpZJ5J3a4aFYFqw,0:06:31,2018-07-13T04:08:32Z
ã€èƒƒè¢‹æ´ã‚€ã€‘å¤§è‘‰ã•ã•ã¿ãƒãƒ¼ã‚ºæ˜¥å·»ã ç”·ã‚¦ã‚±æ–™ç† ãƒ¢ãƒ†ã‚‹ æ–™ç†éŸ³,https://www.youtube.com/watch?v=7wPEspy45a8,ã‚¢ãƒ©ã‚µãƒ¼æ–™ç†channel,https://www.youtube.com/channel/UCvYBzKpTopDITF86JNnezwg,0:14:11,2019-09-16T10:50:49Z
å·è¶Šã‚·ã‚§ãƒ•ãŒæ–™ç†ç•Œã‹ã‚‰ã‚‚æ¶ˆãˆã¦ã—ã¾ã£ãŸåŸå› ã¨ã¯ãƒ»ãƒ»ã€Œã§ãã‚‹ã“ã¨ãªã‚‰åƒ•ã®å­˜åœ¨ã¯å¿˜ã‚Œã¦ã‚‚ã‚‰ã„ãŸã„ã€é©šãã®ç¾åœ¨ã¯â€¥ï¼Ÿ,https://www.youtube.com/watch?v=lYmVBB86HWQ,ãŠã«ããƒãƒ£ãƒ³ãƒãƒ«,https://www.youtube.com/channel/UClOClEJHNJM7MiHo-ACvd5A,0:08:22,2019-05-15T11:00:06Z
æ–™ç†ç¾é£Ÿç‹20160706è”¥æ²¹é¤…(è”¡å­£èŠ³),https://www.youtube.com/watch?v=LC9JuOoZgwg,æ–™ç†ç¾é£Ÿç‹å®˜æ–¹é »é“,https://www.youtube.com/channel/UCHOSzSNbu1luX7tU91kxoiw,0:27:13,2016-07-07T05:08:37Z
ç°¡å–®å‰â˜†å®¶é¢¨ç‰›ä¸¼/ gyu donã€ŠMASAã®æ–™ç†ABCã€‹,https://www.youtube.com/watch?v=UsBBNG9iSnw,MASAã®æ–™ç†ABC,https://www.youtube.com/channel/UCr90FXGOO8nAE9B6FAUeTNA,0:05:39,2017-03-29T13:07:31Z
æ°£ç‚¸é‹ï¼5é“å¿…å­¸æ–™ç†ï¼†1åˆ†é˜æ¸…æ½”ç§˜è¨£ï¼ˆæœ‰å­—å¹•ç‰ˆï¼‰,https://www.youtube.com/watch?v=1hSI6vCxXvI,è˜‹æœæ„›æ–™ç†,https://www.youtube.com/channel/UCNrbJD1T-esDrGcmyjLXDfw,0:12:45,2019-11-25T10:17:56Z
æ¸›è„‚æ¸›è‚¥äººå£«å¿…å­¸ è¶…å¤šæ±é›èƒ¸è‚‰æ–™ç† ä¸ä¹¾æ¾€è¶…å¥½åƒ,https://www.youtube.com/watch?v=ZArlDQ4H8e0,Yui'sæ–™ç†è‡ªå­¸å°å¤©åœ°,https://www.youtube.com/channel/UCpTNuG43PuAICBK9-60oMvg,0:03:32,2019-07-25T02:23:03Z
ç¶“å…¸æ—¥å¼ç‰›è‚‰å¯æ¨‚é¤…/ beef croquette | MASAã®æ–™ç†ABC,https://www.youtube.com/watch?v=duu9-R5LYQQ,MASAã®æ–™ç†ABC,https://www.youtube.com/channel/UCr90FXGOO8nAE9B6FAUeTNA,0:09:45,2017-10-31T13:30:01Z
ã€ã‚‚ã‚„ã—ãƒ¬ã‚·ãƒ”ã«å›°ã£ãŸã‚‰ã€‘ãŠã„ã—ã™ãã¦æ„Ÿå‹•ï¼ç°¡å˜ã‚‚ã‚„ã—æ–™ç†ã‚’4å“ä½œã‚Šã¾ã™ï¼ã€å¤§é‡æ¶ˆè²»ã€‘,https://www.youtube.com/watch?v=kOMhoDMhfGE,ã¯ã‚‹ã‚ã‚“,https://www.youtube.com/channel/UCiMq2YMvF47o7K4FIZxkjFw,0:14:59,2020-03-19T10:00:17Z
ã€ã‚ªãƒªã‚·ã‚™ãƒŠãƒ«æ–™ç†ã€‘ã‚µãƒ©ã‚¿ã‚™ãƒã‚­ãƒ³ã®ä¸€ç•ªç¾å‘³ã—ã„é£Ÿã¸ã‚™æ–¹ã‚’ç´¹ä»‹ï¼ï¼,https://www.youtube.com/watch?v=lNZJ7_5gzLs,ã‚¹ã‚«ã‚¤ãƒ”ãƒ¼ã‚¹,https://www.youtube.com/channel/UC8_wmm5DX9mb4jrLiw8ZYzw,0:11:08,2020-02-23T11:00:09Z
ã€VRã€‘å£°å„ª èŠ±æ±Ÿå¤æ¨¹ãŒã€Œä¾ã‚·ã‚§ãƒ•ã€ã¨ã—ã¦æ–™ç†ã‚’æ¥µã‚ã‚‹ç‰©èªã€ã‚«ã‚¦ãƒ³ã‚¿ãƒ¼ãƒ•ã‚¡ã‚¤ãƒˆSEã€‘,https://www.youtube.com/watch?v=YPj2n39HcZM,èŠ±æ±Ÿå¤æ¨¹,https://www.youtube.com/channel/UC3C3YOGFjn7Pq3lOCeUFHfg,0:19:53,2019-08-16T10:00:07Z
ç°¡å–®ToroåŠç†Ÿç³–å¿ƒè›‹/Ramen Eggs |MASAã®æ–™ç†ABC,https://www.youtube.com/watch?v=eSeOXJmunR4,MASAã®æ–™ç†ABC,https://www.youtube.com/channel/UCr90FXGOO8nAE9B6FAUeTNA,0:06:54,2019-03-19T10:00:09Z
æ—¥å¼é«˜æ¹¯åšæ³•/ dashiã€ŠMASAã®æ–™ç†ABCã€‹,https://www.youtube.com/watch?v=_p39MaLEpz0,MASAã®æ–™ç†ABC,https://www.youtube.com/channel/UCr90FXGOO8nAE9B6FAUeTNA,0:04:55,2017-02-18T03:24:21Z
è±¬è‚‰æ–™ç†-é†¬æ²¹è”¥ç‡’é‡Œè‚Œè‚‰(è‚‰æ’),https://www.youtube.com/watch?v=X1_2Bwzx5x0,åª½åª½é–‹å¿ƒå»šæˆ¿,https://www.youtube.com/channel/UCfLYzwTJJaln6lupqilfiWA,0:13:31,2015-05-21T12:41:42Z
CROCODILE CUTTING é±·é­šæ–™ç† /FRIED CROCODILE/CROCODILE STEAK- Taiwanese Food,https://www.youtube.com/watch?v=jaYnEPLPzN0,iTravel,https://www.youtube.com/channel/UCSYsFssF9qJy9u6fLDLy-Xg,0:12:39,2020-04-10T09:00:20Z
ã€ç²½å­ã€‘å¦‚ä½•åšç°¡å–®çš„é˜¿å¬¤æ–™ç†â”‚6Yoé£Ÿå ‚#37â”‚6YingWeiå¿«æ¨‚å§Š+å¿«æ¨‚å¬¤â”‚å°ç£ç¾é£Ÿã€å°åƒã€åšæ³•ã€é£Ÿè­œã€å¤æ—©å‘³ã€ç´ é£Ÿ,https://www.youtube.com/watch?v=hj4Hu4EPPvA,6YingWeiå¿«æ¨‚å§Š,https://www.youtube.com/channel/UCdUp5t3-EvttAOofRqpeGBQ,0:10:05,2017-05-17T12:30:03Z
ã€æ–™ç†ã€‘ã›ã„ã‚„åŒ…ä¸ã¾ãªæ¿ä½¿ã‚ãªã„å‰èœ@@ãŠã¤ã¾ã¿ãŒçµ¶å“ã™ãã‚‹!?ã€éœœé™ã‚Šæ˜æ˜Ÿã€‘,https://www.youtube.com/watch?v=KC47M2mFuX8,ã—ã‚‚ãµã‚Šãƒãƒ¥ãƒ¼ãƒ–,https://www.youtube.com/channel/UCpGpA7mSYmNJjLiJxKso5QA,0:06:07,2020-02-05T09:00:04Z
æ–™ç†ã‚’æ‰‹æ—©ãç°¡å˜ã«ï¼ç›®ã‹ã‚‰ã‚¦ãƒ­ã‚³ã®è£ãƒ¯ã‚¶36é¸,https://www.youtube.com/watch?v=nbzwwSp3TEI,ï¼•åˆ†ã§ã§ãã‚‹ DIY,https://www.youtube.com/channel/UCJsxAriYBUnKZVdMXZnGDoA,0:18:39,2018-02-12T07:20:08Z
è±å¯Œé‡èœæ„›å¿ƒç‰å­ç‡’åšæ³•/ tamago yakiã€ŠMASAã®æ–™ç†ABCã€‹,https://www.youtube.com/watch?v=4YR58rTjEe0,MASAã®æ–™ç†ABC,https://www.youtube.com/channel/UCr90FXGOO8nAE9B6FAUeTNA,0:05:53,2017-06-06T13:50:34Z
ç´ é£Ÿæ–™ç†Veganã€Šé®®è‡è±†è…å†¬ç²‰ç…² | Mushroom Tofu Glass Noodles Potã€‹é®®è‡é®®ç”œæœ‰é®‘é­šçš„å£æ„Ÿï¼Œæœ€æ„›çš„æ˜¯å¢Šåœ¨ä¸‹é¢çš„é‚£å€‹å†¬ç²‰ï¼Œé‡é»æ˜¯éå¸¸çš„ä¸‹é£¯ï¼,https://www.youtube.com/watch?v=X398cZgPnag,Irene Yong[å®¶å¸¸ç´ ],https://www.youtube.com/channel/UCMzlHWA47wqQ2E73Jnm3Lng,0:06:58,2020-02-22T11:45:11Z
ã€æ¼«ç”»ã€‘æ‚ªé­”ã®æŒ‘æˆ¦ï¼æ–™ç†é…ä¿¡ã§ã‚«ãƒ¬ãƒ¼ã‚’ä½œã£ãŸã‚‰å¤§å¤‰ãªã“ã¨ã«â€¦â€¦ã€ãƒãƒ³ã‚¬å‹•ç”»ã€‘ã«ã˜ã•ã‚“ã˜â˜†ã·ã¡ã•ã‚“ã˜ VTuber,https://www.youtube.com/watch?v=IOzXSvUrhWo,ã«ã˜ã•ã‚“ã˜,https://www.youtube.com/channel/UCX7YkU9nEeaoZbkVLVajcMg,0:03:50,2020-04-15T09:00:15Z
ç”Ÿæ¶¯ä¸€ã®æ–™ç†,https://www.youtube.com/watch?v=ARvc73CP5iY,masamasa000o,https://www.youtube.com/channel/UCACrW8W_iXsUzqIW2YSQcEw,1:09:31,2017-04-20T03:04:10Z
ç”·å¥³ã§æ–™ç†ã‚’ã—ã¦ãŸã‚‰ã„ããªã‚ŠçŠ¬ã«ãªã£ã¡ã‚ƒã†ãƒ‰ãƒƒã‚­ãƒªã ãƒ¯ãƒ³ï¼ï¼ï¼ï¼ï¼,https://www.youtube.com/watch?v=wLQATmMblKQ,ã‚¸ãƒ¥ã‚­ã±ã£ã±,https://www.youtube.com/channel/UCJ4KA3XGizt-aNPjp4R_xyA,0:12:25,2020-04-23T10:00:13Z
ã¯ã˜ã‚ã¦é«˜ç´šã‚¿ã‚¤æ–™ç†ã‚’é£Ÿã¹ã«è¡Œã£ãŸã‚‰ã¾ã•ã‹ã®çµæœã«...ã€Khaoã€‘ãƒãƒ³ã‚³ã‚¯,https://www.youtube.com/watch?v=hIdAOAEEgzI,MAIBARU ThaiVlog ã¾ã„ã°ã‚‹,https://www.youtube.com/channel/UCRzaLTMGrECyGkjjuT9OFwQ,0:06:32,2020-04-26T03:00:14Z
åª½åª½å‘³é“æ‡·å¿µé¦¬éˆ´è–¯ç‡‰è‚‰/ niku jyagaã€ŠMASAã®æ–™ç†ABCã€‹,https://www.youtube.com/watch?v=09hfKAHs2Qw,MASAã®æ–™ç†ABC,https://www.youtube.com/channel/UCr90FXGOO8nAE9B6FAUeTNA,0:05:47,2017-03-14T12:51:19Z
æ–™ç†ç¾é£Ÿç‹_å¤§ç™½èœç‡´ç´…ç‡’ç…å­é ­_ææ¢…ä»™,https://www.youtube.com/watch?v=H0J2LhFap30,å˜Ÿå˜Ÿå¥½,https://www.youtube.com/channel/UCAaJ4_uxxh5k3GsioPCt-3Q,0:24:48,2016-02-23T13:29:50Z
æ–°ã—ã„åŒ…ä¸ã‚’æŒã¡ï¼ˆæ–™ç†ã®ï¼‰æ‰‰ã‚’é–‹ãã€‚New kitchen knife. Japanese unique products,https://www.youtube.com/watch?v=Je6I2CO-5bo,ãŠã‚‚ã—ã‚é›‘è²¨ã‚³ãƒ¬ã‚¯ã‚¿ãƒ¼,https://www.youtube.com/channel/UCQcP1QPlKiwH0gX-XNFETNg,0:11:46,2019-12-16T11:25:48Z
å¤§å¥½è©•ã®ã‚»ãƒ¼ã‚¿ãƒ¼ã§æ–™ç†ã—ã¦ã¿ãŸï¼ï¼,https://www.youtube.com/watch?v=sZ9_yOWWQ2k,ã™ã‚‚ã‚‚sumomo,https://www.youtube.com/channel/UCRLhKXqoVn6VEQyk6xDQJ9Q,0:04:57,2020-05-15T12:00:25Z
æ–™ç†ç¾é£Ÿç‹20160603å°å—è‚‰ç²½(è”¡å­£èŠ³),https://www.youtube.com/watch?v=FJrlw6FMHD4,æ–™ç†ç¾é£Ÿç‹å®˜æ–¹é »é“,https://www.youtube.com/channel/UCHOSzSNbu1luX7tU91kxoiw,0:27:26,2016-06-06T04:26:00Z
è·å ´ã§ãƒã‚¦ãƒ³ãƒˆåˆæˆ¦ã„ã–é–‹å¹•ï¼æ–™ç†ãƒã‚¦ãƒ³ãƒˆï¼Ÿã‚³ã‚¹ãƒ¡ãƒã‚¦ãƒ³ãƒˆï¼Ÿ ï¼œã€SNSã‚¢ãƒ‹ãƒ¡ã€‘ãƒ¢ãƒ¢ã‚¦ãƒ¡OLç·¨ï¼,https://www.youtube.com/watch?v=cT96ILWHFC0,ãƒ¢ãƒ¢ã‚¦ãƒ¡ã€å…¬å¼ã€‘,https://www.youtube.com/channel/UCDNvEu0mHE4wMbbrnUL9mOA,0:00:02,2020-06-11T09:22:46Z
é®­é­š&amp;é«˜éº—èœå¥¶æ²¹ç‚Šé£¯/Salmon&amp;Cabbage Butter Rice |MASAã®æ–™ç†ABC,https://www.youtube.com/watch?v=wIV2dKhygvk,MASAã®æ–™ç†ABC,https://www.youtube.com/channel/UCr90FXGOO8nAE9B6FAUeTNA,0:12:35,2020-03-17T12:30:04Z
ã€1mintipsã€‘é›è‚‰æ–™ç†æ–ä¸€æ–ï¼Œèª¿å‘³å‡å‹»åˆå¾¹åº•ï¼å››é“æ–ä¸€æ–å°±å¾ˆå¥½åƒçš„é›è‚‰æ–™ç†ï¼è¡—é ­å°åƒèª¿å‘³æ’‡æ­¥å­¸èµ·ä¾†ï¼Œå¤§æ¨ï¼,https://www.youtube.com/watch?v=4etUWIIT_BM,æ¥Šæ¡ƒç¾é£Ÿç¶²,https://www.youtube.com/channel/UCctVKh07hVAyQtqpl75pxYA,0:01:36,2020-04-01T13:09:38Z
åœ°ç„å»šæˆ¿ï¼Œå°ç£ä¸Šèœï¼æŒ‘æˆ°3æ˜Ÿç´šåœ°ç„æ–™ç†ï¼,https://www.youtube.com/watch?v=621NPM9IJu4,HWJ HWJ,https://www.youtube.com/channel/UCcKRQUTztq0Vk0T8Zp1q2ow,0:01:18,2018-07-03T03:07:50Z
ã€1mintipsã€‘é›è‚‰æ–™ç†æ–ä¸€æ–ï¼Œèª¿å‘³å‡å‹»åˆå¾¹åº•ï¼å››é“æ–ä¸€æ–å°±å¾ˆå¥½åƒçš„é›è‚‰æ–™ç†ï¼è¡—é ­å°åƒèª¿å‘³æ’‡æ­¥å­¸èµ·ä¾†ï¼Œå¤§æ¨ï¼,https://www.youtube.com/watch?v=4etUWIIT_BM,æ¥Šæ¡ƒç¾é£Ÿç¶²,https://www.youtube.com/channel/UCctVKh07hVAyQtqpl75pxYA,0:01:36,2020-04-01T13:09:38Z
åœ°ç„å»šæˆ¿ï¼Œå°ç£ä¸Šèœï¼æŒ‘æˆ°3æ˜Ÿç´šåœ°ç„æ–™ç†ï¼,https://www.youtube.com/watch?v=621NPM9IJu4,HWJ HWJ,https://www.youtube.com/channel/UCcKRQUTztq0Vk0T8Zp1q2ow,0:01:18,2018-07-03T03:07:50Z
é›£å•ãƒ¬ã‚·ãƒ”ã‚’è§£èª­ã›ã‚ˆï¼é«˜å­¦æ­´æ–™ç†å¯¾æ±ºï¼ï¼ï¼,https://www.youtube.com/watch?v=znF6N4Ngyi0,ã¯ãªãŠã§ã‚“ãŒã‚“,https://www.youtube.com/channel/UCPyNsNSTUtywkekbDdCA_8Q,0:17:33,2020-04-28T10:00:38Z
ã€å³é¸ã€‘è¯éº—ãªã‚‹æ—¥æœ¬ã®è·äººæŠ€ï¼†ASMRæ–™ç†å‹•ç”»ã¾ã¨ã‚ï¼Amazing Chef&#39;s Skill &amp; Japan Street Food From DELI BALI 2020!,https://www.youtube.com/watch?v=33NDx40If6Y,DELI BALI,https://www.youtube.com/channel/UCMOjl6Vmocn9cXXhkLZoskg,0:19:49,2020-04-18T05:00:00Z
60åˆ†ã§ä½•å“ä½œã‚Œã‚‹ã‹ï¼ï¼Ÿã€ä½œã‚Šç½®ãæ–™ç†ã€‘å®¶ã«ã‚ã‚‹ææ–™ã§åˆ¶é™æ™‚é–“60åˆ†ã®ä¸­æ–™ç†ã—ã¦ã¿ãŸ,https://www.youtube.com/watch?v=I7qF1rN820k,å¤•æ–¹é£Ÿå ‚,https://www.youtube.com/channel/UCcW-VX_8pk73w6NYnG7DenQ,0:23:53,2019-04-20T11:46:42Z
å’Œé£Ÿã§ãŠã‚‚ã¦ãªã—ï¼ãƒ™ã‚¸ã‚¿ãƒªã‚¢ãƒ³ã‚«ãƒƒãƒ—ãƒ«ãŒç²¾é€²æ–™ç†ã«æ„Ÿå‹•ï¼Japanese Vegetarian Food!,https://www.youtube.com/watch?v=haYhEVnBT08,æ—¥æœ¬é£Ÿå†’é™ºè¨˜Tokyo Food Adventures,https://www.youtube.com/channel/UCXz4C2UgKkskK8ZcEbgRDVA,0:12:13,2019-01-02T08:10:33Z
ã€ã»ã¼10åˆ†ã€‘æ–™ç†ç ”ç©¶å®¶ã‚³ã‚¦ã‚±ãƒ³ãƒ†ãƒ„ã®æ—¥å¸¸ å®¶æ—ã®æœé£Ÿã“ã‚“ãŒã‚Šãƒ™ãƒ¼ã‚³ãƒ³ã‚¨ãƒƒã‚°é£¯ã‚’é»™ã€…ã¨ä½œã£ã¦ã¿ãŸï¼ˆVlog ãƒ¢ãƒ¼ãƒ‹ãƒ³ã‚°ãƒ«ãƒ¼ãƒ†ã‚£ãƒ³ï¼‰,https://www.youtube.com/watch?v=PSXnNHrziC4,Koh Kentetsu Kitchenã€æ–™ç†ç ”ç©¶å®¶ã‚³ã‚¦ã‚±ãƒ³ãƒ†ãƒ„å…¬å¼ãƒãƒ£ãƒ³ãƒãƒ«ã€‘,https://www.youtube.com/channel/UC3p5OTQsMEnmZktWUkw_Y0A,0:11:17,2020-04-14T09:00:08Z
ã€å¾—æ„æ–™ç†ã€‘ç­‘å‰ç…®ã®ä½œã‚Šæ–¹,https://www.youtube.com/watch?v=BEkLsEn7JjU,è¾»ã¡ã‚ƒã‚“ãƒãƒ«,https://www.youtube.com/channel/UCNiurMpWExWgio2lqldycbA,0:08:19,2019-12-27T12:30:00Z
ã€å®¶äº‹ç”¨BGM.vol2ã€‘æ–™ç†ãƒ»æƒé™¤ãªã©å®¶äº‹ãŒæ¥½ã—ãã¯ã‹ã©ã‚‹BGMã€‚,https://www.youtube.com/watch?v=2EpUC2tlnUs,Life log,https://www.youtube.com/channel/UCnMrf1yEgyX-EYejBiSWZMw,0:01:38,2019-03-12T08:47:03Z
ç´ é£Ÿå®¶å¸¸èœæ–™ç†â”‚å—ç“œè£¡åŠ é«˜éº—èœï¼Œæ•™ä½ ç¨å®¶ç§˜è£½æ–°åƒæ³•ï¼Œä¸€å£æ¥ä¸€å£ï¼Œå¥½åƒåˆ°éƒ½ä¸å¤ åƒâ”‚Pumpkin and Cabbage Vegan Recipe â”‚EP121,https://www.youtube.com/watch?v=xPZlPF5BxWE,Qistin Wong TV,https://www.youtube.com/channel/UC6avGgjCi3WqdT22pFKktuA,0:05:24,2019-11-11T11:30:14Z
ã€æ¯å­é”ã«å¤§äººæ°—ã®æ˜å¤ªå­ã‚³ãƒ­ãƒƒã‚±ã€‘ç°¡å˜ç¾å‘³ã—ã„ãŠæ–™ç†ä½œã‚Šâ˜†,https://www.youtube.com/watch?v=tXXU_cYKdKM,RIKACO'S,https://www.youtube.com/channel/UCP4JO0Y_ldUXBItNn5fx_hg,0:19:09,2020-05-14T06:00:24Z
å¥½åƒåˆ°å“­ğŸ˜æ³•åœ‹çˆ¸åª½åˆåšç†±ç‚’æ–™ç†è¶…é©šè±” FRENCH PARENTS&#39; FIRST TIME EATING TAIWANESE STIR-FRIED DISHES,https://www.youtube.com/watch?v=JCzA3Yk4omA,Bonjour Louis! æˆ‘æ˜¯è·¯æ˜“,https://www.youtube.com/channel/UCDh_CLswzik_At6goY4d16w,0:11:01,2020-05-06T09:30:08Z
ã€ãƒŸãƒ‹ãƒãƒ¥ã‚¢æ–™ç†ã€‘è¦ªå­ã§è¶…ãƒŸãƒ‹ãƒŸãƒ‹ãƒãƒ£ãƒ¼ãƒãƒ³ä½œã£ã¦ã¿ãŸ,https://www.youtube.com/watch?v=Pd5mTNaw0Rw,ã‚«ã‚¸ã‚µãƒƒã‚¯ KAJISAC,https://www.youtube.com/channel/UC642pLj4GXSj-0Ybdx3ytmA,0:24:36,2020-05-08T09:00:14Z
5å€‹é…ªæ¢¨æ¸›é‡æ–™ç† - è¶…ç°¡å–®ï¼è·Ÿæˆ‘ä¸€èµ·åšï¼Œæ¸›è‚¥å¿…æˆåŠŸå–”ï¼,https://www.youtube.com/watch?v=mUfYAbHwRhI,å°å†°xè·©å¯¶,https://www.youtube.com/channel/UCBY0ZrDFPJCmIv7KukaXhRQ,0:09:17,2018-09-28T10:13:22Z
ãƒãƒ£ãƒ¼ãƒãƒ³ã€é«˜ç«åŠ›90ç§’!ã€‘ã€Šç”ºã®ä¸­è¯æ–™ç†å±‹ã€‹Fried Rice Completedin 90 seconds with strong firepower!,https://www.youtube.com/watch?v=gmb0f1Maw_M,ã»ã‹ã»ã‹ã¡ãƒ¼ãŸ,https://www.youtube.com/channel/UCwtFVDvg244nwBwStiENb3g,0:03:28,2019-07-25T09:31:56Z
å¤æ—¥æ¥µç°¡æ–™ç†ç¬¬å…­é›†ï¼šæœˆåº•çœéŒ¢å°èœï¼æ¶¼æ‹Œé‡‘é‡è‡ï½å¥½åƒåˆå¥åº·å–”ï¼,https://www.youtube.com/watch?v=jlqaADd3kD0,Rosalina's Kitchen è˜¿æ½”å¡”çš„å»šæˆ¿,https://www.youtube.com/channel/UCcb9uxCoIgw7RQjQnlgd0Xw,0:05:04,2019-08-22T13:00:13Z
ã€BTS æ—¥æœ¬èªå­—å¹•ã€‘Run BTSï¼ æ–™ç†å¯¾æ±º,https://www.youtube.com/watch?v=OKF8spIm9_8,ã‚€ã«,https://www.youtube.com/channel/UCjsqu_yAszaes90Uf824_Kg,0:18:36,2020-05-01T12:07:04Z
æ–™ç†ç ”ç©¶å®¶ãŒæœ¬æ°—ã§ä½œã‚‹ã€è‡³é«˜ã®è±šã‚­ãƒ ãƒã€‘,https://www.youtube.com/watch?v=kDHVcnykE0Q,æ–™ç†ç ”ç©¶å®¶ãƒªãƒ¥ã‚¦ã‚¸ã®ãƒã‚ºãƒ¬ã‚·ãƒ”,https://www.youtube.com/channel/UCW01sMEVYQdhcvkrhbxdBpw,0:07:59,2020-04-12T12:46:00Z
å‡ºæ±å·»åµã®ä½œã‚Šæ–¹ #Japaneseomelette #Tamagoyaki #Washoku #æ—¥æœ¬æ–™ç† #åŸºæœ¬ #å‡ºæ±å·»åµ #æ–°æ½Ÿèª¿ç†å¸«å°‚é–€å­¦æ ¡,https://www.youtube.com/watch?v=KCyMvisgTqY,æ–°æ½Ÿèª¿ç†å¸«å°‚é–€å­¦æ ¡,https://www.youtube.com/channel/UCHEs-YD-BpZJ5J3a4aFYFqw,0:07:52,2019-01-11T04:23:57Z
ã€æ–™ç†ãƒ»ä¸‹å‘³å†·å‡ã€‘ç¹å¿™æœŸã«å‘ã‘ã¦å®¶äº‹è²¯é‡‘ã‚’ã™ã‚‹ãƒ‘ãƒ¼ãƒˆä¸»å©¦ã€‚æ™‚çŸ­,https://www.youtube.com/watch?v=9zEhhzOGCag,ãƒ©ãƒ³ãƒã‚¼,https://www.youtube.com/channel/UC6tVRq-pRUkipD6N4Iul90w,0:09:29,2020-02-23T03:53:18Z
ç°¡å–®æ¼‚äº®ç¶œåˆé£¯ç³°/Kawaii Rice balls| MASAã®æ–™ç†ABC,https://www.youtube.com/watch?v=KbSMogPQYg0,MASAã®æ–™ç†ABC,https://www.youtube.com/channel/UCr90FXGOO8nAE9B6FAUeTNA,0:10:21,2018-03-06T14:00:01Z
ã€ä¸­è¯æ–™ç†å±‹ã‚’æ•‘ã†ã€‘ãƒ›ãƒ¼ãƒ ãƒ¬ã‚¹ã«å¤§é‡ã®ä¸­è¯æ–™ç†ã‚’é…ã£ã¦ããŸã€æ—¥æœ¬èª/è‹±èªå­—å¹•ä»˜ãã€‘,https://www.youtube.com/watch?v=MmxOZHc8qxs,ã‚°ãƒªã‚ºãƒªãƒ¼ã‚º,https://www.youtube.com/channel/UCAwFoedq98mdQdhTzGIpfYA,0:10:47,2020-03-20T09:21:52Z
ã€ã‹ã¼ã¡ã‚ƒå¤§é‡æ¶ˆè²»ã€‘ç°¡å˜ãŠã„ã—ã„4å“ã®æ–™ç†ã‚’ã²ãŸã™ã‚‰ä½œã‚Šã¾ã™ï¼ã€æ–™ç†éŸ³ãƒ•ã‚§ãƒASMRã€‘,https://www.youtube.com/watch?v=xfPB8MJDcHs,ã¯ã‚‹ã‚ã‚“,https://www.youtube.com/channel/UCiMq2YMvF47o7K4FIZxkjFw,0:14:22,2019-10-07T09:30:02Z
ã—ã‚ƒã¹ã‚‹ï¼DSãŠæ–™ç†ãƒŠãƒ“ã«ã¦æ–™ç†ã‚’å­¦ã¶,https://www.youtube.com/watch?v=uRBGV4HwBFg,jun channel,https://www.youtube.com/channel/UCx1nAvtVDIsaGmCMSe8ofsQ,1:40:11,2020-06-17T12:58:37Z
é¦™æ¿ƒç‰›è‚‰å’–å–±é£¯/Super Rich Beef Curry |MASAã®æ–™ç†ABC,https://www.youtube.com/watch?v=5Gu4WFCgHwI,MASAã®æ–™ç†ABC,https://www.youtube.com/channel/UCr90FXGOO8nAE9B6FAUeTNA,0:09:45,2019-05-28T10:00:01Z
å¦¹ã¨æ–™ç†ãƒªãƒ¬ãƒ¼ï¼äº¤ä»£ã§æ–™ç†ã—ãŸã‚‰å®Œæˆã™ã‚‹ï¼Ÿã€ã­ãŠã¿ã‚†ã€‘,https://www.youtube.com/watch?v=kbDCBl94M5c,ã­ãŠãƒãƒ£ãƒ³ãƒãƒ«,https://www.youtube.com/channel/UClPLW-9Nfbvf76ksj-4c1kQ,0:10:33,2020-05-26T09:01:01Z
ã€ã»ã¼10åˆ†ã€‘æ–™ç†ç ”ç©¶å®¶ã‚³ã‚¦ã‚±ãƒ³ãƒ†ãƒ„ã®æ—¥å¸¸ å®¶æ—ã®æœé£Ÿã˜ã‚ƒãŒã„ã‚‚ã®ã‚¬ãƒ¬ãƒƒãƒˆé¢¨ã‚’é»™ã€…ã¨ä½œã£ã¦ã¿ãŸï¼ˆVlogï¼‰,https://www.youtube.com/watch?v=3K9uSCUX9RA,Koh Kentetsu Kitchenã€æ–™ç†ç ”ç©¶å®¶ã‚³ã‚¦ã‚±ãƒ³ãƒ†ãƒ„å…¬å¼ãƒãƒ£ãƒ³ãƒãƒ«ã€‘,https://www.youtube.com/channel/UC3p5OTQsMEnmZktWUkw_Y0A,0:09:50,2020-04-06T08:00:02Z
ç”Ÿç”°çµµæ¢¨èŠ±ã¡ã‚ƒã‚“ã®æ–™ç† ã¾ã¨ã‚,https://www.youtube.com/watch?v=8xM5MRXeXYE,Yu- S,https://www.youtube.com/channel/UCo8mMZy2u_Wcd5Mi3AYJFBg,0:14:29,2020-05-01T12:41:31Z
ç´ é£Ÿå®¶å¸¸èœæ–™ç†â”‚æé®‘è‡åˆ¥å†æ»·äº†ï¼ŒåŠ äº”æ£µé’æ±Ÿèœï¼Œä¸ç”¨ç‡‰ä¸ç”¨çƒ¤ä¸ç”¨è’¸ï¼Œå‡ºé‹æ¯”è‚‰é‚„é¦™ï¼Œä¸€ä¸Šæ¡Œå°±è¢«æƒå…‰ â”‚Vegan Recipe â”‚EP152,https://www.youtube.com/watch?v=UNis8dyDGRg,Qistin Wong TV,https://www.youtube.com/channel/UC6avGgjCi3WqdT22pFKktuA,0:10:22,2020-01-15T11:30:11Z
æ–™ç†ç¾é£Ÿç‹20160816è±¬è‚‰é¤¡é¤…(ææ¢…ä»™),https://www.youtube.com/watch?v=h8VGdn7A3aY,æ–™ç†ç¾é£Ÿç‹å®˜æ–¹é »é“,https://www.youtube.com/channel/UCHOSzSNbu1luX7tU91kxoiw,0:29:36,2016-08-17T04:02:10Z
ç„šãç«ã§ä½œã‚‹æ–™ç† ç§‹ã®çµ‚ã‚ã‚Šã«ã‚½ãƒ­ã‚­ãƒ£ãƒ³ãƒ— å¾Œç·¨ overnight rain camp,https://www.youtube.com/watch?v=6TdZbDjv080,HIRO channel,https://www.youtube.com/channel/UCuiVFKsH1HyEStWYOPGa2Ow,0:20:27,2018-12-06T13:01:00Z
å¤§ç‰©YouTuberãŒè¨€ã£ãŸé£Ÿæã—ã‹ä½¿ãˆãªã„æ–™ç†å¯¾æ±ºã—ãŸã‚‰ã‚«ã‚ªã‚¹ã‚ªãƒ–ã‚´ãƒƒãƒ‰ãªçš¿ãŒé™è‡¨ã—ãŸï½—ï½—ï½—ï½—ï½—ï½—ï½—,https://www.youtube.com/watch?v=E3iI3gBGfFE,ã¯ãªãŠã§ã‚“ãŒã‚“,https://www.youtube.com/channel/UCPyNsNSTUtywkekbDdCA_8Q,0:17:20,2020-05-16T12:24:54Z
ç…§ç‡’è¦ªå­é›è‚‰ä¾¿ç•¶/ teriyaki bentoã€ŠMASAã®æ–™ç†ABCã€‹,https://www.youtube.com/watch?v=yRFnVlAb7zI,MASAã®æ–™ç†ABC,https://www.youtube.com/channel/UCr90FXGOO8nAE9B6FAUeTNA,0:05:48,2017-03-08T15:33:48Z
ã€ãƒ‡ãƒ–æ´»ã€‘éãƒ¢ãƒ†ã ã‘ã©ç”·ã®äººãŒå¥½ããªæ–™ç†ä½œã‚Œã‚‹ã‹ã‚‰ãƒ¢ãƒ†ãŸã„ã€ãƒ«ãƒ¼ãƒ†ã‚£ãƒ³ã€‘,https://www.youtube.com/watch?v=UuP-UgDPW_E,ç¨€ã«æš‡ãªOL_ãªã£ã¡ã‚ƒã‚“,https://www.youtube.com/channel/UCw6gNpp35E4QJChCxHR4RWw,0:05:54,2020-06-10T10:01:00Z
æ–™ç†,https://www.youtube.com/watch?v=Oi5uEmxjbKo,é³©ç¾½ã¤ã,https://www.youtube.com/channel/UCGaUWM5OQ7hU1JwbqvNBR4w,0:02:34,2018-07-12T13:02:17Z
ãƒ•ãƒ©ã‚¤ãƒ‘ãƒ³ã ã‘ã§ï¼¯ï¼«ï¼æƒ…ç†±å¤§é™¸ã®ã‚«ãƒ¬ãƒ¼æ–™ç†äººãŒæ•™ãˆã‚‹ç°¡å˜çµ¶å“ã‚«ãƒ¬ãƒ¼ã®ä½œã‚Šæ–¹ï¼ é½‹è—¤çµµç† ï¼ƒï¼‘,https://www.youtube.com/watch?v=XTP5tRTY-7w,æƒ…ç†±å¤§é™¸ å…¬å¼ãƒãƒ£ãƒ³ãƒãƒ«,https://www.youtube.com/channel/UChrwWDsptJWqbV_oPKdHk1Q,0:09:17,2020-05-17T09:00:18Z
æµ·é®®ç„—çƒ¤é£¯åšæ³•/ã‚·ãƒ¼ãƒ•ãƒ¼ãƒ‰ãƒ‰ãƒªã‚¢ã®ä½œã‚Šæ–¹ã€ŠMASAã®æ–™ç†ABCã€‹,https://www.youtube.com/watch?v=ify5-5edv9Q,MASAã®æ–™ç†ABC,https://www.youtube.com/channel/UCr90FXGOO8nAE9B6FAUeTNA,0:23:35,2011-12-19T13:31:05Z
ã€ASMRã€‘éŸ“å›½ã®æ¿€è¾›ãˆã®ãæ–™ç†ã‚’é£Ÿã¹ãŸã‚‰æ±—æ­¢ã¾ã‚‰ãªããªã£ãŸã€ãƒ¢ãƒƒãƒ‘ãƒ³ã€‘,https://www.youtube.com/watch?v=J9J6KWCA6Gk,ãƒ—ãƒªãƒƒã¨Channel,https://www.youtube.com/channel/UCg9mwxF0uacG3Q4N91wo2TQ,0:10:02,2020-05-28T10:15:57Z
ã€é¬¼æ»…ã®åˆƒã€‘ç¦°è±†å­ã¨ç‚­æ²»éƒã®å…„å¦¹æ–™ç†ãŒå¤§å¤‰ãªã“ã¨ã«ãªã£ãŸï½—ï½—ã€å£°çœŸä¼¼ã€‘ã€å‰ç·¨ã€‘,https://www.youtube.com/watch?v=XuO0W2Qr_ds,ã±ã¡ã—ã‚…ã†ã®ã’ãƒ¼ã‚€å±‹ã•ã‚“,https://www.youtube.com/channel/UCJPI9QKuNbPdn--wiR8oRRA,0:10:02,2020-05-08T11:30:12Z
æ³¨æ–‡ã®å¤šã„æ–™ç†åº—(ã‚«ãƒƒãƒˆç·¨é›†ãªã—ï¼†ãƒ­ãƒ³ã‚°ãƒãƒ¼ã‚¸ãƒ§ãƒ³),https://www.youtube.com/watch?v=-opKsmSPl6A,ã­ã“ãƒŠãƒ“,https://www.youtube.com/channel/UCANL7wVYh6FqyT1OfMEr-qg,0:10:10,2020-01-21T11:27:43Z
æ³•åœ‹çˆ¸åª½ç¬¬ä¸€æ¬¡åˆ°é«˜é›„â¤ï¸è½åˆ°è²“è€³æœµæ–™ç†åš‡å‘†äº†ğŸ˜‚FRENCH PARENTS 2 DAYS TRIP IN KAOHSIUNG TAIWAN,https://www.youtube.com/watch?v=wRl_tD5SyQU,Bonjour Louis! æˆ‘æ˜¯è·¯æ˜“,https://www.youtube.com/channel/UCDh_CLswzik_At6goY4d16w,0:12:10,2020-04-02T01:00:01Z
ã€æ–™ç†ãƒ‰ãƒ©ãƒã€‘ã€ã²ã¨ã‚Šã”ã¨ã‚¨ãƒ—ãƒ­ãƒ³ã€ç¬¬4è©±ï¼šã²ã£ãã‚Šè¿”ã•ãªã„ã€ã‚±ãƒ¼ã‚­ã¿ãŸã„ãªã˜ã‚ƒãŒã„ã‚‚ã‚ªãƒ ãƒ¬ãƒ„ã€€æœ¬/åµ/ãƒ¬ã‚·ãƒ”/éŸ³æ¥½,https://www.youtube.com/watch?v=WBfGjNbp_v0,åŒ—æ¬§ã€æš®ã‚‰ã—ã®é“å…·åº—,https://www.youtube.com/channel/UCb-cMiVs0yGmi2IPmowLC5Q,0:08:20,2020-02-04T11:50:16Z
å¥¶æ²¹ç‡’çƒ¤é®­é­šé£¯ç³°/Yaki Onigiri with Salmon|MASAã®æ–™ç†ABC,https://www.youtube.com/watch?v=AYCo2APpMGQ,MASAã®æ–™ç†ABC,https://www.youtube.com/channel/UCr90FXGOO8nAE9B6FAUeTNA,0:08:30,2020-02-08T13:30:01Z
ã€ãƒ¢ãƒ¼ãƒ‹ãƒ³ã‚°ãƒ«ãƒ¼ãƒ†ã‚£ãƒ³ã€‘æ–™ç†å®¶SHIORIã®å’Œæœé£Ÿç¯‡/SHIORI vlog 01,https://www.youtube.com/watch?v=48lWEfO5j4U,SHIORI KAREGOHAN,https://www.youtube.com/channel/UCmwvHMaLePaahmFE6lYge8g,0:15:26,2020-04-10T00:56:33Z
å¿«é€Ÿæ¸›è‚¥é¤EP4ï¼šcostcoå¥½å¸‚å¤šé›èƒ¸è‚‰æ–™ç†  é›è‚‰è±†è…æ’ ä½å¡ç˜¦èº« åšæ³•è¶…ç°¡å–®ï½œä¹¾æ¯èˆ‡å°èœçš„æ—¥å¸¸,https://www.youtube.com/watch?v=GEd3XiWZpn8,ä¹¾æ¯èˆ‡å°èœçš„æ—¥å¸¸,https://www.youtube.com/channel/UCOJDuGX9SqzPkureXZfS60w,0:10:05,2018-09-19T10:25:14Z
ã€ä¿®ç¾…å ´ã€‘å¤«ã€Œé£¯ã¾ãšã„ã€ç§ã€Œæ–™ç†æ•™å®¤é€šã£ã¦ã€æ „é¤Šå£«ã®è³‡æ ¼ã‚‚å–ã£ãŸã€å¤«ã€Œã¾ãšã„ã€ç§ã€Œåº—ã§ä¿®æ¥­ã—ã¦ããŸï¼å¤§å°†ãŒãŠé‡‘ã‚‚ã¨ã‚Œã‚‹ã£ã¦ã€å¤«ã€Œã¾ãšã„ã€â†’ç–²ã‚Œæœã¦ã¦é›¢å©šâ€¦ãã—ã¦ã‚ã‚‹å¤œã«æ—¦é‚£ã¨å†ä¼šã™ã‚‹ã®ã ãŒâ€¦,https://www.youtube.com/watch?v=DBApeOSxypM,ã‚¹ã‚«ãƒƒã¨å€¶æ¥½éƒ¨,https://www.youtube.com/channel/UCDVzgZZhfwZZPrgWFCvWGYw,0:08:14,2017-08-27T01:00:01Z
ç´ é£Ÿå®¶å¸¸èœæ–™ç†â”‚èŠ‹é ­åŠ ç‰ç±³é€™æ¨£åšå¤ªé¦™äº†ï¼Œé€£ä¸æ„›èŠ‹é ­çš„å­©å­éƒ½èªªå¥½åƒï¼Œé–‹æ°´ä¸€æ»¾ï¼Œå‡ºé‹æ¯”è‚‰é‚„é¦™ â”‚Vegan Recipe â”‚EP162,https://www.youtube.com/watch?v=gkZrIbexAeM,Qistin Wong TV,https://www.youtube.com/channel/UC6avGgjCi3WqdT22pFKktuA,0:07:48,2020-02-14T11:30:13Z
ã€ã‚ãŸã—ãƒ³ã¡å…¬å¼ã€‘ç¬¬34è©±ã€Œæ¯ã®æ–™ç†ã®ãƒ¯ã‚±ã€,https://www.youtube.com/watch?v=u_Jn_O6Jk7g,ã€ã‚¢ãƒ‹ãƒ¡ã€‘ã‚ãŸã—ãƒ³ã¡å…¬å¼ãƒãƒ£ãƒ³ãƒãƒ«,https://www.youtube.com/channel/UCkwJXqFl-9VVvK9udYCFjMw,0:08:29,2020-06-08T09:00:15Z
ç¶œåˆå¤©å©¦ç¾…/Assorted Tempura |MASAã®æ–™ç†ABC,https://www.youtube.com/watch?v=EgII5lWlJu0,MASAã®æ–™ç†ABC,https://www.youtube.com/channel/UCr90FXGOO8nAE9B6FAUeTNA,0:11:47,2019-01-29T10:00:00Z
ã€å¹³æ—¥ãƒ«ãƒ¼ãƒ†ã‚£ãƒ³ã€‘ç”°èˆã®å®¶ã§ã®ã‚“ã³ã‚Šéã”ã™ï½œå¤§æ ¹ã¥ãã—æ–™ç†ï¼ˆåˆ‡ã‚Šå¹²ã—å¤§æ ¹ã€ãƒãƒªãƒãƒªå¤§æ ¹ã€ã¬ã‹æ¼¬ã‘ã€å‘³å™Œæ±ã€ã‚ªã‚¤ãƒãƒ¨å¤§æ ¹ã€ã‚¤ã‚«ã¨å¤§æ ¹ã®ç…®ç‰©ã€ã‚¸ãƒ£ã‚³ã¨å¤§æ ¹è‘‰ç‚’ã‚ï¼‰ï½œç°¡å˜ãƒ”ã‚¶ã®ä½œã‚Šæ–¹,https://www.youtube.com/watch?v=JeVknTNJdHQ,å¤æ°‘å®¶ã²ã¨ã‚Šæš®ã‚‰ã—,https://www.youtube.com/channel/UChhrfk3ZYVkeNbkbyS4-puA,0:13:47,2020-02-17T08:00:03Z
è–‘ç‡’è±¬è‚‰å®šé£Ÿ/ yakiniku lunch plateã€ŠMASAã®æ–™ç†ABCã€‹,https://www.youtube.com/watch?v=ZSb3yRvD67I,MASAã®æ–™ç†ABC,https://www.youtube.com/channel/UCr90FXGOO8nAE9B6FAUeTNA,0:05:22,2017-05-10T14:47:24Z
ã€è¡æ’ƒã€‘æ–™ç†ã®å¤±æ•—ä½œãŒãƒ„ãƒƒã‚³ãƒŸã©ã“ã‚æº€è¼‰ã ã£ãŸä»¶wwwwwwã€#2ã€‘,https://www.youtube.com/watch?v=1soZZDBmC9k,ã“ãƒ¼ã-ä¸é€æ˜-,https://www.youtube.com/channel/UCmf7Dx0R4JpsS1XZH45SLnQ,0:02:24,2020-06-24T10:00:00Z
æ‰‹æ®˜ä¹Ÿæœƒï¼10é“é©åˆæ–°æ‰‹çš„ç°¡å–®å®¶å¸¸æ–™ç†ï¼ï½œçš®è›‹ç‚’è±†è… å°å¼æ²¹é£¯ï½œç„¦å¿—æ–¹ æ—ç¾ç§€ï½œæ–™ç†ï½œé£Ÿè­œï½œDIY,https://www.youtube.com/watch?v=JKKe_4L-4u0,å¤ªå¤ªç‹ çŠ€åˆ©,https://www.youtube.com/channel/UCqlH_qfn4ianmVdtyr03mDA,1:41:44,2019-07-27T12:30:01Z
ç´™åŒ…é®­é­šï¼Œæ‡¶äººæ–™ç†å¿…å­¸å–”ï¼ï¼åˆå¥½çœ‹ï¼Œåˆå¥½åƒï¼ï¼,https://www.youtube.com/watch?v=38Xmc1shx6Q,Rosalina's Kitchen è˜¿æ½”å¡”çš„å»šæˆ¿,https://www.youtube.com/channel/UCcb9uxCoIgw7RQjQnlgd0Xw,0:06:20,2019-10-29T13:00:00Z
ç«Ÿç„¶åšå‡ºç¥ç´šæ–™ç†ã€7æ¨£æ¸›è„‚ç¾é£Ÿã€‘æ¸›è„‚ä¹Ÿèƒ½è¶…å¥½åƒï¼æ°£ç‚¸é‹ï¼†èª¿ç†æ©Ÿï½œå¥äººé£²é£Ÿï½œ2019ep35,https://www.youtube.com/watch?v=STTmcA_IKhc,å¥äººè“‹ä¼Š,https://www.youtube.com/channel/UCpGGLFkG4heKm6hnJYn5HxA,0:17:41,2019-08-25T12:00:07Z
ã€ã‚·ã‚§ãƒ•ç›´ä¼ã€‘é¶è‚‰ã®çš®ã‚’ãƒ‘ãƒªãƒ‘ãƒªã«ç„¼ãæ–¹æ³•ã€æ–™ç†ã®ãƒ†ã‚¯ãƒ‹ãƒƒã‚¯â‘ ã€‘,https://www.youtube.com/watch?v=xgXKuCiS6so,kurashiru [ã‚¯ãƒ©ã‚·ãƒ«],https://www.youtube.com/channel/UCE40kwov-UdhGikwAowjAAQ,0:09:11,2020-02-15T08:00:09Z
ã€ã‚ºãƒœãƒ©é£¯ã€‘å¸°å®…å¾Œ5åˆ†ã§ä½œã‚‹ä¸€äººæš®ã‚‰ã—ã®ç°¡å˜æ–™ç†ã€ãƒˆãƒãƒˆç¼¶ã€‘,https://www.youtube.com/watch?v=KL_lqbrEtqk,ichi's life,https://www.youtube.com/channel/UCRwDYbTk1PyujK4qm-hWoIA,0:03:31,2020-04-24T12:00:09Z
é¦™é¦™å¥¶æ²¹é›è‚‰å’–å“©é£¯/Butter chicken curry | MASAã®æ–™ç†ABC,https://www.youtube.com/watch?v=nOsKAPBKa0M,MASAã®æ–™ç†ABC,https://www.youtube.com/channel/UCr90FXGOO8nAE9B6FAUeTNA,0:07:20,2018-02-27T14:00:03Z
å…‰æ³‰èª¿å‘³ä¹³é£²â¤ã€æ–™ç†ç¯‡ã€‘,https://www.youtube.com/watch?v=cndTUcSTRlI,å…‰æ³‰TV,https://www.youtube.com/channel/UC2k-iarEaonS8rWLibkyPsg,0:00:17,2019-12-08T16:00:08Z
æ¸¡è¾ºå–„å‰ ï¼ˆç¾é£Ÿå®¶ï¼‰â‘ ã‚¿ãƒ¼ãƒ™ãƒãƒ¼ã‚¿ãƒ¼ãƒ»ãƒŠãƒ™ã‚¼ãƒ³ãŒçµ¶è³›ã™ã‚‹ç©¶æ¥µã®æ–™ç†ã¨ã¯ï¼Ÿï¼ã€ãƒ­ãƒãƒ¼ãƒˆç§‹å±±ã®ã‚¯ãƒªã‚¨ã‚¤ã‚¿ãƒ¼ã‚ºãƒ»ãƒ•ã‚¡ã‚¤ãƒ«#58ã€‘,https://www.youtube.com/watch?v=U4V6wI3yba0,ãƒ­ãƒãƒ¼ãƒˆç§‹å±±ã®ã€Œã‚¯ãƒªã‚¨ã‚¤ã‚¿ãƒ¼ã‚ºãƒ»ãƒ•ã‚¡ã‚¤ãƒ«ã€,https://www.youtube.com/channel/UCJk8dZsM8SIGzIBJ-rDcB3Q,0:15:59,2020-01-24T04:00:03Z
ã€éŸ“å›½å®¶åº­æ–™ç†ã€‘ç´ æ3ã¤ã§ãƒœãƒªãƒ¥ãƒ¼ãƒ æº€ç‚¹ã‚«ãƒªã‚«ãƒªãƒ¢ãƒãƒ¢ãƒè±šãƒ‹ãƒ©ãƒãƒ‚ãƒŸã‚’ä½œã‚‹æ–¹æ³•,https://www.youtube.com/watch?v=ThcfmTZr3-I,Koh Kentetsu Kitchenã€æ–™ç†ç ”ç©¶å®¶ã‚³ã‚¦ã‚±ãƒ³ãƒ†ãƒ„å…¬å¼ãƒãƒ£ãƒ³ãƒãƒ«ã€‘,https://www.youtube.com/channel/UC3p5OTQsMEnmZktWUkw_Y0A,0:12:50,2020-04-08T09:00:13Z
ç°¡å–®åˆå¿«é€Ÿçš„æ–™ç†ï¼é«˜éº—èœéºµç·šç…é¤…ï¼Œåƒä¸Šä¸€å£ï¼Œå¥½åƒåˆ°åœä¸ä¸‹ä¾†,https://www.youtube.com/watch?v=n48U_lhSvRM,Rosalina's Kitchen è˜¿æ½”å¡”çš„å»šæˆ¿,https://www.youtube.com/channel/UCcb9uxCoIgw7RQjQnlgd0Xw,0:08:35,2020-04-10T13:30:10Z
ç¾å‘³çµåˆï¼é›è‚‰é‡‘å¹³ç‚Šé£¯/ chicken takikomi gohan | MASAã®æ–™ç†ABC,https://www.youtube.com/watch?v=FG80jDtWZ7Y,MASAã®æ–™ç†ABC,https://www.youtube.com/channel/UCr90FXGOO8nAE9B6FAUeTNA,0:09:18,2017-11-07T13:30:00Z
ã€å®¶äº‹ç”¨BGMã€‘æ–™ç†ãƒ»æƒé™¤ãªã©å®¶äº‹ãŒæ¥½ã—ãã¯ã‹ã©ã‚‹BGMã€‚,https://www.youtube.com/watch?v=OGKyt_JhME4,Life log,https://www.youtube.com/channel/UCnMrf1yEgyX-EYejBiSWZMw,1:01:23,2018-12-09T23:52:31Z
ç‹æ˜å‹‡è€å¸«çš„å¥åº·å»šæˆ¿:è‡ªè£½é³³æ¢¨é…µç´ åŠé…µç´ ç¾å‘³æ–™ç†!!,https://www.youtube.com/watch?v=z0LaCa7ebs0,ç‹æ˜å‹‡,https://www.youtube.com/channel/UCU0xsSrQeeSwJVJsgZNQfSw,0:05:49,2017-12-05T09:17:54Z
ã€ã‚¹ãƒˆãƒ¬ã‚¹ãŒæºœã¾ã£ã¦ã„ã‚‹å…ˆç”Ÿã®æ–™ç†æ•™å®¤ã€‘ãƒ›ãƒƒãƒˆã‚±ãƒ¼ã‚­ç²‰ã‚’ã¶ã¡ã¾ã‘ã‚‹,https://www.youtube.com/watch?v=Rx8Q6_lpqe8,ãŸã£ã‹ã€ãƒãƒŠãƒ«éšŠã€‘,https://www.youtube.com/channel/UC_D09TMBeehkIQWp43jW2EQ,0:04:17,2020-05-11T10:19:35Z
å°éŸ“ã€Œç›¸ä¼¼æ–™ç†ã€å¤§PK!èª°åšå¾—æ¯”è¼ƒå¥½åƒï¼Ÿï¼çµ¦é˜¿æ»´è©¦åƒçš„åæ‡‰æ˜¯ï¼Ÿï¼ğŸ”¥ã€äº¤æ›ç³»åˆ—#6ã€‘ ft.æ»´å¦¹ï½œéŸ“å‹¾ã„Ÿé‡‘é‡è‡ ì°ì©ê¾¸,https://www.youtube.com/watch?v=dtzu_q7Cw2Q,éŸ“å‹¾ã„Ÿé‡‘é‡è‡ ì°ì©ê¾¸,https://www.youtube.com/channel/UCvcZO0cvDT3rzKtfakL3R5Q,0:11:58,2020-05-23T10:01:49Z
ã€è¶…å·¨å¤§ã€‘çœŸé¯›ã‚’æŒã„ã¦æ–™ç†ã—ã¦ã¿ãŸï¼,https://www.youtube.com/watch?v=hDQSVBjbTzk,ãŸãã®ã‚“ã¡ã‚ƒã‚“ãƒãƒ«,https://www.youtube.com/channel/UCtLnF6qOCyi4lG76aOooNHg,0:11:21,2020-05-20T10:00:28Z
ã¾ãšã¯åŸºæœ¬ã®æ–™ç†ã‹ã‚‰ã€ä¸€äººæš®ã‚‰ã—ã®ç°¡å˜ã™ãã‚‹ä½œã‚Šç½®ã,https://www.youtube.com/watch?v=ikeiF27Ng4Y,ichi's life,https://www.youtube.com/channel/UCRwDYbTk1PyujK4qm-hWoIA,0:10:01,2020-04-14T11:00:30Z
åŒ—æµ·é“é¢¨é¦¬éˆ´è–¯ç‡‰é®­é­š/Salmon&amp;Potato Cream Stew |MASAã®æ–™ç†ABC,https://www.youtube.com/watch?v=jFKqhfTwSw4,MASAã®æ–™ç†ABC,https://www.youtube.com/channel/UCr90FXGOO8nAE9B6FAUeTNA,0:11:35,2019-12-03T10:00:05Z
åŒ—æµ·é“é¢¨é¦¬éˆ´è–¯ç‡‰é®­é­š/Salmon&amp;Potato Cream Stew |MASAã®æ–™ç†ABC,https://www.youtube.com/watch?v=jFKqhfTwSw4,MASAã®æ–™ç†ABC,https://www.youtube.com/channel/UCr90FXGOO8nAE9B6FAUeTNA,0:11:35,2019-12-03T10:00:05Z
16ç¨®äº«ç”¨åå¸çš„æ–™ç†æ–¹æ³•,https://www.youtube.com/watch?v=e7r7UBkyPjs,æœ‰å£ç¦,https://www.youtube.com/channel/UC7laRQIkWpClL204EL0UF3A,0:14:30,2020-04-05T09:00:17Z
é±ˆé­šè¥¿äº¬ç‡’å®šé£Ÿ/Saikyo Miso Yaki Black Cod|MASAã®æ–™ç†ABC,https://www.youtube.com/watch?v=nFpWRjYkxVY,MASAã®æ–™ç†ABC,https://www.youtube.com/channel/UCr90FXGOO8nAE9B6FAUeTNA,0:10:38,2018-04-24T10:15:00Z
æ­£æœˆã«äº¬æ–™ç†ã€ãƒ­ã‚·ã‚¢äººãŒåˆã‚ã¦é£Ÿã™ï¼é™å®šçºç¥­ã€æ—¥æœ¬é…’ã€å¤–å›½äººã®åå¿œã€‘Reactions to Kyoto dishes,https://www.youtube.com/watch?v=S1L-UW0LcuY,æ—¥æœ¬é£Ÿå†’é™ºè¨˜Tokyo Food Adventures,https://www.youtube.com/channel/UCXz4C2UgKkskK8ZcEbgRDVA,0:34:35,2020-01-05T08:33:16Z
æ´‹é£Ÿå±‹é¢¨ã®æ¿ƒå£å¸ƒä¸/ Super Rich Pudding|MASAã®æ–™ç†ABC,https://www.youtube.com/watch?v=PlA09FSd22E,MASAã®æ–™ç†ABC,https://www.youtube.com/channel/UCr90FXGOO8nAE9B6FAUeTNA,0:08:59,2019-10-29T10:00:05Z
ã§ã³ã§ã³ãƒ»ã§ã³ã‚‹ã®æ–™ç†ã«ã‚¤ãƒ©ã¤ãé·¹å®®ãƒªã‚ªãƒ³ã¨ç¤¾ç¯‰ã¾ã¨ã‚ã€ã«ã˜ã•ã‚“ã˜åˆ‡ã‚ŠæŠœãã€‘,https://www.youtube.com/watch?v=cmMXgsgqKRk,åˆ‡ã‚ŠæŠœãã«ã˜ã•ã‚“ã˜å€‰åº«,https://www.youtube.com/channel/UCDR8OwKtoYuk3xf0llK0sfw,0:12:13,2019-12-23T15:44:18Z
ä¸­å›½ã«ã¯ãªã„ï¼ï¼Ÿè¶…ãŠã—ã‚ƒã‚Œãªä¸­è¯æ–™ç†åº—ã€ãƒ“ãƒƒã‚¯ãƒªæ—¥æœ¬ã€‘,https://www.youtube.com/watch?v=zjrhJa_YGwI,æƒŠå¥‡æ—¥æœ¬ ã€ãƒ“ãƒƒã‚¯ãƒªæ—¥æœ¬ã€‘,https://www.youtube.com/channel/UCzqlJ8YEDtFJNRc-b1lzeTg,0:12:22,2018-10-12T02:05:59Z
æ–™ç†ç ”ç©¶å®¶ãŒæœ¬æ°—ã§ä½œã‚‹ã€è‡³é«˜ã®ã‚¹ãƒ†ãƒ¼ã‚­&amp;ã‚½ãƒ¼ã‚¹ã€‘,https://www.youtube.com/watch?v=JX4Pvt_SAAU,æ–™ç†ç ”ç©¶å®¶ãƒªãƒ¥ã‚¦ã‚¸ã®ãƒã‚ºãƒ¬ã‚·ãƒ”,https://www.youtube.com/channel/UCW01sMEVYQdhcvkrhbxdBpw,0:15:08,2020-04-26T11:00:37Z
ã€ãƒ€ã‚¤ã‚¨ãƒƒãƒˆæ–™ç†ã€‘è¶…ç°¡å˜ã§ç¾å‘³ã—ã„ã‚ªãƒ¼ãƒˆãƒŸãƒ¼ãƒ«ãƒ¬ã‚·ãƒ”ï¼“é¸ï¼ã€ç—©ã›ã‚‹æ–™ç†ã€‘ï¼ƒå®¶ã§ä¸€ç·’ã«ã‚„ã£ã¦ã¿ã‚ˆã†,https://www.youtube.com/watch?v=kQxTrMbffTs,Marina Takewaki,https://www.youtube.com/channel/UCw7HTQv0F4CB9zGRhqosYsg,0:11:48,2020-04-08T10:00:22Z
ã€ã‚¹ãƒˆãƒ¬ã‚¹ãŒæºœã¾ã£ã¦ã„ã‚‹å…ˆç”Ÿã®æ–™ç†æ•™å®¤ã€‘ã‚´ãƒŸã«å…«ã¤å½“ãŸã‚‹,https://www.youtube.com/watch?v=l9Sllwuh0Vk,ãŸã£ã‹ã€ãƒãƒŠãƒ«éšŠã€‘,https://www.youtube.com/channel/UC_D09TMBeehkIQWp43jW2EQ,0:04:02,2020-05-02T10:56:52Z
è‰è“å¤§ç¦åšæ³•/ ichigo daifukuã€ŠMASAã®æ–™ç†ABCã€‹,https://www.youtube.com/watch?v=-RnUba-UK-Y,MASAã®æ–™ç†ABC,https://www.youtube.com/channel/UCr90FXGOO8nAE9B6FAUeTNA,0:06:24,2017-02-02T03:12:15Z
ã€ãƒ€ã‚¤ã‚¨ãƒƒãƒˆé£¯ã€‘ã‚Šã‚“ãŸã‚ãƒ¼ã®é£Ÿã¹ã¦ç—©ã›ã‚‹ç°¡å˜ãƒ˜ãƒ«ã‚·ãƒ¼æ–™ç†ï¼ç¾å‘³ã™ãã¦çµ¶å«ï¼,https://www.youtube.com/watch?v=XYZOhrHsYN8,EXIT Charannel,https://www.youtube.com/channel/UCr_Zyf2yUXCyk-hUSXFqcaQ,0:12:13,2020-05-19T11:00:12Z
ã€æ–™ç†ãƒ«ãƒ¼ãƒ†ã‚£ãƒ³ã€‘ãƒ•ã‚¡ãƒ³ã‚’å–°ã†ã¨ãã®æ–™ç†ãƒ«ãƒ¼ãƒ†ã‚£ãƒ³,https://www.youtube.com/watch?v=cUTR_6XbUco,ãŸãã¿ãªã‹ã†,https://www.youtube.com/channel/UCerZHl7xbPWtHCBbiSHj2qg,0:11:11,2020-06-06T12:00:14Z
ã€éŸ“å›½å®¶åº­æ–™ç†ã€‘10åˆ†ã§ã§ãã‚‹ç°¡å˜ï¼ã”é£¯ãŒãƒ¢ãƒªãƒ¢ãƒªé€²ã‚€é‡èœãŸã£ã·ã‚Šè±šãƒ—ãƒ«ã‚³ã‚®ã®ä½œã‚Šæ–¹ï¼Korean-style BBQ pork with Veggies in 10 Minutes!,https://www.youtube.com/watch?v=ciwEYRKhPVU,Koh Kentetsu Kitchenã€æ–™ç†ç ”ç©¶å®¶ã‚³ã‚¦ã‚±ãƒ³ãƒ†ãƒ„å…¬å¼ãƒãƒ£ãƒ³ãƒãƒ«ã€‘,https://www.youtube.com/channel/UC3p5OTQsMEnmZktWUkw_Y0A,0:12:39,2020-05-04T01:30:00Z
ã“ã‚Œä»¥ä¸Šã®ç„¼ããã°ãŒã‚ã£ãŸã‚‰æ•™ãˆã¦ã»ã—ã„ï¼ï¼æ–™ç†ç ”ç©¶å®¶ãŒæœ¬æ°—ã§ä½œã‚‹ã€è‡³é«˜ã®ç„¼ããã°ã€‘,https://www.youtube.com/watch?v=q3ui4ZPPIPI,æ–™ç†ç ”ç©¶å®¶ãƒªãƒ¥ã‚¦ã‚¸ã®ãƒã‚ºãƒ¬ã‚·ãƒ”,https://www.youtube.com/channel/UCW01sMEVYQdhcvkrhbxdBpw,0:10:54,2020-05-30T11:25:31Z
æ–™ç†ç ”ç©¶å®¶ãŒæœ¬æ°—ã§ä½œã‚‹ã€è‡³é«˜ã®åŠç†Ÿç„¼ãè¦ªå­ä¸¼ã€‘,https://www.youtube.com/watch?v=yWwwVxYTz8Y,æ–™ç†ç ”ç©¶å®¶ãƒªãƒ¥ã‚¦ã‚¸ã®ãƒã‚ºãƒ¬ã‚·ãƒ”,https://www.youtube.com/channel/UCW01sMEVYQdhcvkrhbxdBpw,0:09:47,2020-05-06T11:27:08Z
å¤æ—¥æ¥µç°¡æ–™ç†ç¬¬ä¸ƒé›†ï¼šè±¬è‚‰ç‚’å†¬ç²‰ï½ç°¡å–®ï¼Œç¾å‘³ï¼åˆå¾ˆé©åˆå¸¶ä¾¿ç•¶å–”ï½,https://www.youtube.com/watch?v=uiz4Qfteljg,Rosalina's Kitchen è˜¿æ½”å¡”çš„å»šæˆ¿,https://www.youtube.com/channel/UCcb9uxCoIgw7RQjQnlgd0Xw,0:04:55,2019-08-30T13:00:14Z
HiHi Jetsã€ãƒãƒ³ã‚¸ãƒ¼ã®ã”è¤’ç¾ã€‘ãªãœâ€¦èŒ¨åŸã§æ²–ç¸„æ–™ç†ï¼Ÿ,https://www.youtube.com/watch?v=U6kz39qJYMg,ã‚¸ãƒ£ãƒ‹ãƒ¼ã‚ºJr.ãƒãƒ£ãƒ³ãƒãƒ«,https://www.youtube.com/channel/UC1cHlPIE-kqiPvpyYz2O8rQ,0:16:04,2020-03-22T11:00:17Z
ã€é³³æ¢¨å†°ã€‘å¦‚ä½•åšç°¡å–®çš„é˜¿å¬¤æ–™ç†â”‚6Yoé£Ÿå ‚#41â”‚6YingWeiå¿«æ¨‚å§Š+å¿«æ¨‚å¬¤â”‚å°ç£ç¾é£Ÿã€å°åƒã€åšæ³•ã€é£Ÿè­œã€å¤æ—©å‘³ã€ç´ é£Ÿ,https://www.youtube.com/watch?v=aYoLXvqQEaw,6YingWeiå¿«æ¨‚å§Š,https://www.youtube.com/channel/UCdUp5t3-EvttAOofRqpeGBQ,0:05:45,2017-05-26T12:30:00Z
ã€ç¥YouTubeé–‹è¨­ã€‘æ–™ç†ç ”ç©¶å®¶ã‚³ã‚¦ã‚±ãƒ³ãƒ†ãƒ„ã®è¶…ç°¡å˜ï¼ã‚„ã¿ã¤ãï¼ãƒ•ãƒ©ã‚¤ãƒ‘ãƒ³ã§ã§ãã‚‹ã‚µã‚¯ã‚µã‚¯ãƒãƒ¼ã‚ºãƒˆãƒ¼ã‚¹ãƒˆ,https://www.youtube.com/watch?v=3-sWp1_rh7U,Koh Kentetsu Kitchenã€æ–™ç†ç ”ç©¶å®¶ã‚³ã‚¦ã‚±ãƒ³ãƒ†ãƒ„å…¬å¼ãƒãƒ£ãƒ³ãƒãƒ«ã€‘,https://www.youtube.com/channel/UC3p5OTQsMEnmZktWUkw_Y0A,0:08:36,2020-03-22T02:00:02Z
é˜¿åŸºå¸«59å…ƒå‡ºå¥½èœ_å›é‹è‚‰æ–™ç†é£Ÿè­œ,https://www.youtube.com/watch?v=PaqhWeVE-eU,vhasrukta,https://www.youtube.com/channel/UCVqz86hRSkxz-Fmuu__Nx1Q,0:08:11,2013-04-03T12:59:17Z
ç…§ç‡’é›è‚‰ç‚’éºµ/Teriyaki Chicken Yaki Soba |MASAã®æ–™ç†ABC,https://www.youtube.com/watch?v=asmaNMJuHe8,MASAã®æ–™ç†ABC,https://www.youtube.com/channel/UCr90FXGOO8nAE9B6FAUeTNA,0:05:52,2020-03-05T13:30:02Z
mini food &quot;ãƒãƒ³ãƒãƒ¼ã‚¬ãƒ¼&quot; æœ¬å½“ã«é£Ÿã¹ã‚‰ã‚Œã‚‹ãƒŸãƒ‹ãƒãƒ¥ã‚¢æ–™ç† #65 | Yuka&#39;s tiny kitchen,https://www.youtube.com/watch?v=YmIAtoidrOU,Yuka's tiny kitchen,https://www.youtube.com/channel/UCFiQ6MAuFd-YvAWCp5n4ewg,0:07:46,2020-04-04T08:00:17Z
ã€ã»ã¼10åˆ†ã€‘æ–™ç†ç ”ç©¶å®¶ã‚³ã‚¦ã‚±ãƒ³ãƒ†ãƒ„ã®æ—¥å¸¸ å®¶æ—ã®æœé£Ÿ ãƒ•ãƒ©ã‚¤ãƒ‘ãƒ³ã§ã§ãã‚‹éŸ“å›½å±‹å°é¢¨ãƒˆãƒ¼ã‚¹ãƒˆã‚’é»™ã€…ã¨ä½œã£ã¦ã¿ãŸï¼ˆVlog ãƒ¢ãƒ¼ãƒ‹ãƒ³ã‚°ãƒ«ãƒ¼ãƒ†ã‚£ãƒ³ï¼‰,https://www.youtube.com/watch?v=B2A8kTOTdHQ,Koh Kentetsu Kitchenã€æ–™ç†ç ”ç©¶å®¶ã‚³ã‚¦ã‚±ãƒ³ãƒ†ãƒ„å…¬å¼ãƒãƒ£ãƒ³ãƒãƒ«ã€‘,https://www.youtube.com/channel/UC3p5OTQsMEnmZktWUkw_Y0A,0:10:38,2020-05-02T12:00:05Z
è‰è“è›‹ç³•withæä»é¢¨å‘³/ strawberry cake | MASAã®æ–™ç†ABC,https://www.youtube.com/watch?v=bjsBbgFZ2Os,MASAã®æ–™ç†ABC,https://www.youtube.com/channel/UCr90FXGOO8nAE9B6FAUeTNA,0:13:41,2017-12-18T13:30:03Z
ç¾ å°‘å¹´ã€å¤§æ˜‡â€™Sã‚­ãƒƒãƒãƒ³ã€‘æ„›æƒ…ãŸã£ã·ã‚Šï¼Ÿã®æœ¬æ°—æ–™ç†~1/2~,https://www.youtube.com/watch?v=8DQSoTIELTg,ã‚¸ãƒ£ãƒ‹ãƒ¼ã‚ºJr.ãƒãƒ£ãƒ³ãƒãƒ«,https://www.youtube.com/channel/UC1cHlPIE-kqiPvpyYz2O8rQ,0:14:27,2020-06-20T13:30:00Z
ASMR Spicy Enoki Mushrooms å’€åš¼éŸ³ã‚¨ãƒã‚­æ–™ç† ë§¤ìš´ ë¶ˆë‹­íŒ½ì´ë²„ì„¯ ë¨¹ë°© MUKBANG EATING SOUNDS é£Ÿã¹ã‚‹éŸ³ éŸ³ãƒ•ã‚§ãƒ éŸ“å›½ | Zoey ASMR,https://www.youtube.com/watch?v=8SOrYIowp98,Zoey ASMR ì¡°ì´,https://www.youtube.com/channel/UCGISU4yWiEf4lB9RzdY8O4w,0:03:06,2020-05-09T13:05:33Z
æµ·é®®åœŸå¸éºµåŒ…æŠ«è–©/Seafood Pizza Toast |MASAã®æ–™ç†ABC,https://www.youtube.com/watch?v=tR6maZMr-OY,MASAã®æ–™ç†ABC,https://www.youtube.com/channel/UCr90FXGOO8nAE9B6FAUeTNA,0:09:38,2018-09-05T10:00:08Z
é¦™é…¥&amp;Juicyæ—¥å¼ç‚¸è±¬æ’åšæ³•/ tonkatsuã€ŠMASAã®æ–™ç†ABCã€‹,https://www.youtube.com/watch?v=FzzVxYl7kOo,MASAã®æ–™ç†ABC,https://www.youtube.com/channel/UCr90FXGOO8nAE9B6FAUeTNA,0:05:48,2017-05-04T13:05:48Z
ã€ä¸€é€±ä¾¿ç•¶æ–™ç†ææ¡ˆç‰¹è¼¯ï¼ã€‘åˆ©ç”¨é€™äº›é£Ÿæè®ŠåŒ–å‡ºä¸€é€±äº”æ¬¾ç¾å‘³çš„ä¾¿ç•¶ï¼ä»Šæ—¥ç‰¹é¤ï¼šæ‰“æ‹‹é›ä¾¿ç•¶ã€‚ï¼ˆå…©äººä»½ä¾¿ç•¶ï¼‰,https://www.youtube.com/watch?v=sA60e3f8Si8,Rosalina's Kitchen è˜¿æ½”å¡”çš„å»šæˆ¿,https://www.youtube.com/channel/UCcb9uxCoIgw7RQjQnlgd0Xw,0:04:54,2018-09-10T03:53:44Z
